student_id,cluster_id,skill_count,interest_count,domain_count,project_count,project_technology_count,hackathons_participated,hackathons_won,github_repos,github_commits,github_stars,github_followers,profile_completion
b4c077d2-148e-42f9-bc80-1515091459a8,0,8,4,2,4,15,0,0,11,434,0,22,72.0
389062fe-a5c8-4f8d-ab5a-72f522fa00fa,0,10,5,3,2,8,4,1,11,379,43,11,78.0
8d64530c-b109-44d6-898f-58a15a3429d0,0,10,6,3,4,15,1,1,28,368,27,78,91.0
dd0434a4-56fe-447b-b4a9-5d07504606b3,3,9,5,3,1,3,1,0,4,143,36,12,91.0
075a80d5-043a-4b43-bdea-b48fad26e8ff,0,9,4,4,2,7,0,0,0,0,0,0,86.0
2434dd7a-db32-4b60-8025-8a694d181b79,3,8,5,4,0,0,3,0,9,117,34,59,77.0
c2340382-6c27-4270-9883-0b8b961fe8c0,0,5,4,2,2,8,4,0,25,394,35,64,93.0
a9e6c11c-3ef9-49c5-89a2-63fe46ab235c,0,4,3,3,3,12,2,0,0,0,0,0,82.0
e74cd5e6-4aad-460f-9ec1-a6eac48a4a58,0,12,5,4,3,12,2,0,0,0,0,0,89.0
88b163f6-0154-462a-85b1-8dccb2071ff2,0,9,6,4,2,9,0,0,0,0,0,0,98.0
f65e9bc5-57b3-4f96-ab99-5e425d46456e,0,5,3,4,3,13,2,0,0,0,0,0,96.0
68850a10-ff2d-4844-b456-e19c970488a0,0,8,4,4,3,13,5,0,0,0,0,0,83.0
8b45903d-f859-457f-8517-b7b0cb85a48a,0,7,5,3,3,12,3,2,12,166,13,57,86.0
f1371c2b-d4f4-49e6-af42-977e4a370bf5,0,9,4,3,2,8,4,0,23,372,0,15,77.0
26223b4e-f7fb-44af-b779-ee91d39509a7,0,12,6,4,3,12,1,0,25,129,4,55,96.0
3aa9e83f-9407-49dd-bb68-44e046573db9,0,4,4,3,3,10,5,1,0,0,0,0,91.0
e649d778-4f86-4007-9cb7-ebe51f531c66,0,7,6,3,3,10,6,1,3,338,9,32,78.0
7f3eecd2-0620-4f87-83c0-3604e8bbeb96,3,6,4,4,0,0,5,0,23,194,0,55,98.0
2b9a90d7-2e2e-4096-b75d-70225b6167e0,0,7,5,4,3,11,1,0,9,201,16,45,93.0
04988768-5f3f-4001-b1e2-cccf6434f729,1,7,5,4,1,3,6,1,11,138,7,26,75.0
44011eff-1033-4636-b423-249db19d35c4,1,8,4,3,1,4,1,1,18,265,28,45,96.0
0e5fe7e2-af95-46e2-bf8f-a08bcb198d14,0,6,6,3,2,6,1,0,4,332,6,28,75.0
8e6faa10-2480-4c61-97e1-c320efa565fd,3,5,3,4,0,0,4,0,11,443,9,11,93.0
261a2b64-84c8-4f62-aab8-f89183729d9f,0,6,5,4,3,9,3,1,23,246,17,25,83.0
31af78ed-9dda-4632-a904-96cb721a1963,0,7,3,4,2,8,3,0,22,407,31,58,98.0
d0813615-73e8-428e-a989-f63bf8f97a8d,0,4,3,2,3,11,3,0,0,0,0,0,87.0
ce5c719e-0eba-4ee2-9b14-0345a49fc6d3,0,12,6,3,3,11,3,2,13,71,28,14,72.0
c04f993f-4455-4dc5-80f8-c549868d0354,1,10,3,2,0,0,3,2,14,240,9,33,75.0
cd66922d-c11d-445c-8359-6d83c64885f1,0,10,5,2,3,12,4,0,21,203,36,39,97.0
8adc503c-cbb2-41a7-bd6f-2bcec950aea0,0,11,6,3,3,12,1,1,19,276,17,23,74.0
d3ced1b7-92b3-466b-92fa-4d0f7d7ebdfa,0,10,5,3,2,7,5,0,12,272,7,14,100.0
c4b5cf54-8f46-49df-b8f1-81ee738e55e4,3,7,4,4,1,4,1,0,5,359,13,78,95.0
5b3a219d-f774-40a3-8e53-cefbbd95c1b7,0,7,5,2,2,8,5,0,0,0,0,0,83.0
7e41e4a1-e1f5-4811-b5ee-7d004b7f594a,3,7,5,3,1,3,2,1,0,0,0,0,72.0
42564104-e8ad-4e44-b9ff-89862dfd35d2,1,9,5,3,0,0,4,2,5,66,5,13,95.0
78ae885f-c435-4649-9c08-d501a77bc648,1,8,4,3,1,2,7,2,28,239,35,80,78.0
277d73e1-a781-4bdf-a6f2-d6c53560bc03,1,9,6,4,1,3,6,1,0,0,0,0,83.0
6ccd1f6a-9887-4159-94ae-a8daf672d1a8,0,8,6,2,3,9,3,0,18,402,27,24,97.0
fcccb7c6-a8a4-4e69-9db9-8f40d2b5cea2,1,8,6,3,1,2,2,1,10,190,10,11,98.0
40627c66-b187-405d-94af-8fafe9314606,1,5,4,4,0,0,1,1,17,343,19,37,79.0
77a759a7-7170-48ba-bd51-11b2aced5eeb,0,4,6,2,3,10,6,1,0,0,0,0,75.0
affb040c-0796-49f8-b3db-6780d0e12bad,1,8,3,4,0,0,6,1,0,0,0,0,74.0
347dcda4-cc34-4117-be02-c3eeaaf8878f,3,6,6,3,1,3,4,0,12,423,6,66,74.0
85821370-f883-484e-94ee-f6ae8dc26c65,1,5,5,3,2,7,5,2,19,290,26,22,97.0
b92bae36-b338-429c-af78-0cbf3fb8795f,2,10,6,4,1,4,2,0,7,408,45,62,76.0
9965fb9a-60f0-4faa-a4c2-69d5bf9b8f86,0,10,4,3,3,10,1,1,0,0,0,0,90.0
6c7ba5ab-e76c-4823-86d3-ecd291bf2b8e,2,4,4,4,0,0,0,0,25,417,29,6,80.0
99d675f5-481c-4a42-ab83-626ee52dd60c,0,12,5,4,3,10,4,2,12,248,38,56,89.0
0af9507d-81b9-4cf1-b44b-0dacf503dc2d,3,4,3,4,1,3,4,0,24,250,23,49,81.0
ce2ebc11-9397-4333-846e-1b97cad19e01,0,6,5,2,3,9,1,0,25,247,5,42,92.0
aae2087b-48ce-441f-8985-02e8fb5169ec,0,11,5,2,3,9,6,1,0,0,0,0,88.0
ed82829b-d814-4e03-b750-a41974852d40,0,9,3,4,2,6,1,1,0,0,0,0,96.0
0614b282-09f3-41f4-8c80-cd26922cefb7,1,10,6,3,1,3,2,1,20,74,20,32,74.0
fc2e2e44-67a1-49c0-8deb-aae8b7fd05ce,2,7,6,2,1,3,2,0,22,354,43,62,93.0
6c480048-b597-421a-a03f-d31dcc86dde0,0,5,6,2,3,10,1,0,27,93,12,79,92.0
62896dac-f806-44b9-bcb9-4a4df88ecc09,0,12,6,3,2,7,0,0,26,337,24,20,84.0
1458b5a8-ec14-4f63-b9f8-f205cef99d3a,0,11,5,4,3,10,4,0,25,380,31,42,91.0
1c013e76-8dd1-4835-929d-4d17b3cca983,0,11,3,4,2,5,6,1,6,368,8,2,76.0
cab37fc0-5983-4910-a593-6b513146db25,0,9,5,3,3,8,4,2,11,118,7,44,95.0
bb0f642d-1096-4c1e-a583-70dcd1d200f4,1,5,6,3,1,3,4,2,0,0,0,0,92.0
c4e69c9e-4472-40aa-ae9e-e98402e48d1b,0,11,5,2,3,12,5,1,0,0,0,0,76.0
e019c590-05ca-4dd0-8414-3264362d7ab3,3,7,6,4,1,4,0,0,21,57,2,56,99.0
fb92583d-11ab-4cec-a9fd-c5fd932c1193,1,10,3,4,1,4,5,1,14,99,17,26,94.0
732dbfe7-1acd-4dd9-8572-92ca7923a567,3,5,4,4,0,0,5,0,0,0,0,0,86.0
e88fb49b-4d38-4e00-98f7-81c1486d5d6c,0,9,6,4,2,8,3,1,19,88,24,33,72.0
38eb7628-e648-4935-b757-eff8326a187d,0,8,3,4,3,11,1,1,27,164,24,61,95.0
bccfcb8d-4fb3-47d4-b57d-a04e3af3b2df,3,9,6,3,1,3,0,0,8,91,34,64,100.0
6c6070fe-5590-4bd5-bd37-c804f1141ede,0,11,3,3,3,10,2,0,19,96,15,26,100.0
a4a433e6-4d7c-4b9e-a42e-488e76adf7e7,0,7,3,3,3,10,0,0,21,263,17,7,100.0
bf5c6dbf-7b36-4028-b03b-7b4abbf3532f,0,10,3,2,3,12,5,0,11,421,28,64,88.0
b94ac878-a11a-4440-8721-86ece96b9784,2,9,3,3,0,0,4,0,20,304,32,54,72.0
132eafd1-24b7-4dd8-b703-0907cb2db46e,0,10,3,3,2,8,2,0,26,340,31,78,70.0
e5da3070-4f31-4f4e-97b7-7ce6e1450cb2,0,6,3,4,2,7,1,1,17,289,1,44,80.0
7ebfb18c-673f-4555-840f-7ad53c8cdea0,3,7,5,3,0,0,3,0,0,0,0,0,81.0
3769dc5c-4e8b-4b24-9e2d-9e4e2179c613,1,9,5,4,1,3,4,2,33,495,42,7,84.0
3f5bccd6-69b7-4942-b990-1a8d254bb653,3,6,4,4,0,0,0,0,3,39,49,29,73.0
bfa1f0df-056e-4c7d-8e36-bd69a0ff8ce2,2,7,5,3,0,0,1,0,34,1020,15,19,70.0
a18617bd-eb70-4f68-9316-aa2807609078,3,7,5,3,1,4,4,0,4,88,21,44,91.0
961c7e8c-d09e-4acb-ba57-63466f357076,3,10,3,3,0,0,0,0,6,126,14,43,92.0
3a29330d-5c66-44fd-97fd-5e6ccd8bb730,2,6,5,4,1,3,0,0,22,638,7,52,93.0
b737c73d-287a-42d9-bf3f-4c1e38e85199,2,10,3,3,1,5,1,0,27,540,1,33,73.0
7cbaf425-d5c6-49f3-8efe-1b197b36c98b,1,10,4,2,1,4,3,1,20,380,16,16,91.0
bcd14113-cdb3-41fa-9993-040ff343e346,2,6,4,2,0,0,1,0,11,330,48,33,95.0
40a86714-ebfa-4332-b7cf-a8edbbca6ef0,2,5,4,2,0,0,1,0,29,841,38,52,92.0
68c6c4f0-0f3f-4023-9e14-06c382d47efc,3,9,3,2,1,3,4,0,15,345,7,36,88.0
d4493a6b-3b00-4377-8d43-e9b67ed0c6a5,2,11,5,4,0,0,0,0,20,560,2,50,83.0
0eb20fb6-a17a-41e6-846a-933aef316c3a,2,9,4,4,0,0,1,0,28,728,0,44,82.0
d49250fd-6f04-4007-bcb0-968ddd8ba6d6,3,6,3,2,0,0,5,0,0,0,0,0,94.0
d4fe8a65-f434-413c-8323-087d73800e64,1,9,3,2,0,0,3,1,21,399,37,39,95.0
afc7e477-3249-4772-95fd-e07a29179270,0,7,5,4,2,6,3,0,27,540,40,47,95.0
b4ccab6a-fe7a-4a76-bbea-150c9cbd5d3e,3,10,4,3,1,2,3,0,12,204,29,42,82.0
17fba54a-7d3e-423b-8ec7-f07480195e32,2,8,4,3,0,0,0,0,28,504,0,38,97.0
a4110e45-2926-4e7f-8678-ab3a4210a5f1,1,11,3,3,0,0,5,1,19,475,18,49,93.0
69b350c6-2a8f-4317-b816-1b51a6cddd3d,2,8,5,4,0,0,1,0,22,660,26,9,69.0
ae1edce1-d966-42e3-8c89-aef9b00864d3,2,8,5,2,1,5,3,0,32,384,42,15,68.0
0066a921-913f-4f9c-94f3-fc50ab1a7418,3,10,5,2,0,0,2,0,0,0,0,0,76.0
af4ec097-6ced-4f57-8f0d-7e1ff5ee4a98,2,9,3,3,0,0,0,0,23,667,9,6,76.0
762d9ef6-91f9-45a9-b70e-026d55968fd6,3,10,4,3,1,3,0,0,0,0,0,0,71.0
028835cb-f2be-4cf3-833d-5016c814a61b,2,8,5,2,1,5,1,0,22,440,22,2,95.0
a8b3e1b2-de65-49e5-9789-63217c28db6d,2,11,3,2,0,0,0,0,30,750,38,30,76.0
4732886f-ea61-4283-92e8-e4dd176e752e,2,8,3,3,0,0,4,0,17,442,35,55,70.0
b76e52b5-01dd-4187-b21f-d60808acc325,2,8,4,3,0,0,3,0,24,408,21,51,70.0
5c0da250-6f41-4e9f-b813-7948724a918a,2,6,3,3,0,0,2,0,33,792,40,21,86.0
c8a6c705-5710-4a9c-b506-593a8b372fba,3,5,5,4,1,3,0,0,14,154,15,47,82.0
221c46a1-750f-4420-91f2-226350f81809,3,9,3,4,1,4,0,0,8,240,42,29,79.0
62c257a4-beb9-4e46-acfc-043c4c84b377,3,6,5,4,0,0,0,0,13,312,2,28,89.0
087481f9-5507-4faf-9389-4e4246f98b69,3,10,5,4,0,0,2,0,13,234,28,59,72.0
7b26de21-f416-4540-b996-0ac71302b1d1,2,6,3,4,0,0,1,0,33,792,39,2,68.0
fdc30964-24b1-415d-88e7-290336637cf5,2,8,4,4,1,3,5,0,35,910,35,3,95.0
ce46641a-724d-478c-b961-285394659b37,3,5,5,4,0,0,0,0,7,168,2,20,69.0
9b22ca8a-655c-43ad-b685-8e52f2b8b6c5,1,9,4,3,0,0,4,1,30,360,27,40,85.0
e79850c2-c17a-4aac-b2b3-52194b911c0a,2,9,4,4,0,0,0,0,31,341,8,6,92.0
0811fe08-051a-4441-9608-0c17358c8abe,3,8,5,2,1,4,1,0,7,168,11,59,70.0
1ee97fc8-a9e6-4a93-9b13-b736356a4c9a,3,6,4,3,0,0,0,0,0,0,0,0,80.0
e4c102b8-80bb-4fe3-9020-55e2e1c77522,2,7,5,4,1,4,0,0,20,280,40,21,70.0
d9758c73-1f57-4d15-a893-49b5f90df6b1,1,10,4,4,0,0,1,1,6,90,28,28,82.0
e9488dc6-d1ac-430c-a5c2-850186211dc1,1,9,4,3,1,4,5,1,34,340,5,27,82.0
2b147d81-92b6-4409-aa68-a44b06e3083e,2,10,3,4,0,0,0,0,31,837,17,54,72.0
2c0d9eec-46d3-4e5d-88aa-f3fd93a302c6,2,6,3,3,0,0,5,0,23,345,25,41,86.0
3bc2614f-c7f7-4b97-bc03-e59332e2b984,3,6,5,3,1,3,0,0,18,198,36,46,74.0
b0473f2b-3906-4d17-835c-77d14f68153c,2,10,5,3,0,0,4,0,22,374,19,51,90.0
9fecce85-a2ce-4a32-9236-9f7f9fae8ae8,3,6,3,3,0,0,1,0,20,280,6,41,75.0
20f0cd2f-0720-4027-a947-2e6ea888d087,3,5,5,3,1,3,0,0,14,154,25,52,73.0
6188831d-2423-4170-97be-c1ce063d2e91,3,8,3,3,1,4,5,0,9,135,8,32,97.0
581bb5ae-aabd-47ba-8e9e-54b92e296fad,3,7,3,3,0,0,1,0,11,275,9,31,79.0
482ad2c1-897a-4d02-a049-2588feb555c9,2,9,5,3,0,0,0,0,31,341,29,10,81.0
f63bb13f-93b2-41f7-941e-269711f4d4eb,1,9,5,3,0,0,2,1,27,594,5,45,72.0
8ca7b2f9-b286-4535-ad63-ce138605bd4f,3,6,4,4,0,0,1,0,5,120,38,45,75.0
8fddae81-3c19-442e-bb98-ee9806b04725,3,7,5,2,0,0,3,1,0,0,0,0,98.0
5650aad2-20d6-4baf-b306-cf8f848814e9,3,7,4,2,1,4,1,0,8,192,23,7,91.0
202ac62b-753f-400d-902a-ec7d099233b7,2,6,4,4,1,3,1,1,33,660,13,25,81.0
c478ab16-73cc-4c97-a81c-03bb388a6500,3,9,5,3,1,5,5,0,6,60,26,10,70.0
ec48f2c8-387a-4ec0-b06c-7fc1298bf283,2,9,5,4,0,0,5,0,19,399,17,52,70.0
a7773a57-50bc-47d6-8134-aaf0c5d7ebf2,2,10,3,3,0,0,5,0,33,594,2,6,96.0
a1b22b09-722b-4f62-beec-d3e19dbb8026,2,10,5,2,0,0,0,0,28,560,1,42,93.0
97f73fec-5bfb-4202-afdc-2b2e1ddf4d87,2,10,5,3,0,0,0,0,31,651,48,19,72.0
c9eb73ea-d077-44ec-b88c-690272b8f0e7,3,6,4,4,0,0,3,0,20,500,9,6,81.0
63d56c69-55e3-4528-b118-8b57a258f729,0,7,4,3,2,8,3,1,15,420,34,13,68.0
1ad0e42d-8a29-459b-9e16-ebe914a2f14c,3,11,5,4,1,4,2,0,0,0,0,0,76.0
efa39902-d69e-44f9-aad9-c9c79d10edf5,3,8,3,2,2,6,0,0,9,135,47,17,73.0
29a70b35-707c-484f-8bb5-8b215d6ebcd4,2,11,3,2,0,0,5,0,32,416,16,44,84.0
6bd9ad33-a59a-410c-b027-98aa5712fb14,3,7,3,3,1,4,3,0,14,378,10,33,72.0
294e0a46-ef83-4845-864a-795ff0f17103,2,7,4,2,0,0,1,0,32,896,47,51,85.0
a660ca84-0849-42e6-9324-a286f016aa5b,2,5,5,3,0,0,4,0,25,725,40,29,87.0
2b6fad95-0e6a-43b5-9410-74653a40193b,2,8,5,3,0,0,0,0,23,391,48,55,83.0
2ed25303-dfc6-477c-8281-739a98dc9cd9,3,6,4,4,0,0,5,0,16,400,17,22,78.0
0decaf73-52c9-42b3-86a1-ab4cceda8b82,2,5,4,2,0,0,1,0,26,780,10,5,88.0
08d4043d-ffc3-492c-bacb-0a1005e4a1de,3,7,5,4,1,3,0,0,11,330,43,11,84.0
6c330b26-96e7-4e06-adf2-825da3cf559f,2,11,4,4,0,0,0,0,22,352,33,40,74.0
47989dab-8699-407f-953a-0ee7d288cd51,2,5,3,3,1,3,1,0,28,728,18,42,92.0
4c7158f5-0178-4764-91e9-206adc1abe4b,2,5,4,4,0,0,0,0,30,390,29,41,69.0
0e6862eb-7450-4e86-a8fb-ac8b06fd7d2b,2,8,4,2,0,0,0,0,35,735,3,33,73.0
fef4172a-9569-4d0a-b190-34fb043e7c40,3,10,3,4,1,4,0,0,5,110,4,58,95.0
ce451e53-7a3e-478e-827e-ca40c205a0e3,2,7,3,2,1,4,0,0,18,414,31,5,90.0
0c20e0a5-30d5-4525-a0ae-81b220872998,3,9,3,3,0,0,4,0,0,0,0,0,74.0
7eae055b-58e7-4ccf-b97e-b3d17f153640,2,8,3,4,1,3,1,0,31,837,47,37,71.0
ea4753a7-445e-4faa-88bd-cf82789bca37,3,7,3,3,0,0,0,0,0,0,0,0,82.0
fe911f5a-e48a-4d6e-b234-3da83a349930,1,5,4,2,0,0,1,1,33,363,5,19,72.0
7465b2ff-ad02-4e92-a603-cc3d842cfced,3,6,5,3,0,0,1,0,17,255,6,17,76.0
4ab5a38a-79d5-4b12-8437-9bfe42044454,3,6,5,3,1,3,0,0,3,60,39,14,78.0
03e9d033-81a7-4e41-826e-0f695e2ea75b,2,10,3,4,0,0,1,0,21,294,11,48,98.0
4cf65dd2-ee7a-4220-9174-7b844f8fcf41,3,9,4,4,0,0,1,0,9,90,3,26,91.0
6af6d70b-45e8-410c-89cf-1c8fa4574c85,3,8,4,3,1,5,3,0,16,256,26,46,91.0
c025d911-ca47-4671-903f-1caffc764350,2,5,4,4,0,0,0,0,21,252,30,56,77.0
72848f00-32d0-4c87-a52e-9346570c5189,2,9,4,2,0,0,0,0,29,812,14,37,94.0
96ebb060-cb7a-48bc-b2e3-6af9fc20d345,2,6,4,2,0,0,3,0,19,380,46,60,70.0
cf1e539f-ead8-4a9f-9648-f90c9abbaa41,2,10,5,4,0,0,4,0,28,392,39,40,69.0
4840528d-44a9-4c59-b980-d62a7738dead,2,6,3,3,0,0,0,0,16,368,47,33,95.0
7920e9ba-5787-4e49-814d-3a6830d89f66,2,8,4,3,1,4,0,0,33,924,35,24,73.0
f20141f3-3ec6-4d75-aab3-43d409ef72d5,1,7,5,4,0,0,1,1,32,576,13,31,89.0
fb226637-2562-4854-b14a-c221fc1c16f5,2,11,5,2,0,0,0,0,28,560,43,10,88.0
f7b70b73-2af4-4692-a81e-e6701cc777f8,2,10,3,2,0,0,0,0,24,720,5,16,75.0
58789ed6-e1bc-4d0d-b96e-2f56072b273f,3,7,3,4,1,3,0,0,14,168,31,23,78.0
2051f1b1-c94b-48cd-b22b-3b109fa0bc9a,3,6,4,2,0,0,2,0,15,150,43,2,75.0
ab16a8ed-a23b-48a9-a4f1-6dbf237e9f9b,3,6,4,2,0,0,0,0,11,176,46,3,84.0
5fac1111-acb9-4ca4-aef3-3570b9713ec1,3,10,3,4,0,0,3,0,11,253,6,34,77.0
382513f3-1f6e-46a2-bd96-deed53e75a83,3,6,4,2,1,2,0,0,17,408,18,18,69.0
bd1afdfb-8481-4dec-afac-ef902e110152,1,11,4,3,0,0,3,1,13,169,8,46,98.0
b39b7e89-5127-4811-914d-ab307bcb6379,2,9,4,3,0,0,2,0,18,450,22,44,72.0
11b8d863-7acf-442d-bcc7-a0b1f0a62bd3,0,7,3,3,2,7,0,0,3,36,50,40,96.0
49d37776-22f9-4efe-8ffc-2b6f76e8f19c,3,6,5,2,1,5,3,0,15,195,25,15,94.0
c9831642-b32a-482c-8fe5-23aa771dc05a,1,9,5,2,0,0,2,1,18,324,25,23,82.0
69079a57-0cef-4caa-8291-7f48b2a1ede0,2,8,5,4,1,4,3,0,15,270,48,52,77.0
c832156b-9640-4fc0-bdab-bf9bf717d549,3,9,5,3,0,0,0,0,0,0,0,0,76.0
5be666bd-5141-4449-8892-1e2a361b2e84,3,9,3,3,0,0,0,0,12,132,9,22,69.0
9cd942b8-00f7-495c-9c10-d6c9e2b36f57,2,10,3,3,0,0,1,0,25,600,15,59,98.0
345ab973-cb26-4074-b96f-6db8f8e892c3,2,10,5,2,0,0,0,0,16,480,49,15,94.0
b2b9f627-8889-463c-82ff-a50141a94031,3,10,5,3,0,0,3,0,10,270,0,43,92.0
25809a2e-3393-426e-a9de-de07ad084080,2,6,5,2,0,0,1,0,26,260,35,57,72.0
b40d6b8e-760e-4dd4-9ba6-8fbc4b81f9ab,3,6,5,4,1,3,2,0,7,112,20,33,78.0
d052c5f3-b891-454a-84df-4065759115f4,2,9,5,3,2,8,3,0,33,990,49,11,80.0
753d8230-daf5-4396-9960-a7410277fe37,2,7,3,2,0,0,0,0,34,578,4,18,75.0
4249c069-1499-4bb4-a274-9589707c4ae3,3,9,5,4,1,4,0,0,11,264,10,16,84.0
2307d6c1-e503-4021-b867-985d5bdef21c,2,11,3,2,0,0,0,0,13,182,40,34,96.0
8fb8eaf8-4080-46bb-b74e-1242acd68205,2,10,3,2,0,0,5,0,24,576,38,39,75.0
a483616c-ea51-4637-8408-10f68d7edbd4,2,10,5,4,0,0,0,0,30,510,30,52,79.0
d0055477-7c39-4e7f-825f-830145a39bcf,3,6,5,2,0,0,3,0,9,126,27,43,76.0
6d5dbc88-26f2-437d-a615-0271948bfefd,2,7,4,4,0,0,4,0,28,560,35,41,73.0
375f70ab-cece-48f6-a17c-d18f2d3fca7a,3,5,4,3,0,0,4,0,21,336,2,52,84.0
f4ba3a88-533b-438e-8ace-e729250c8304,2,11,5,3,0,0,2,0,15,360,25,38,76.0
a8a41195-09bf-4827-8e15-3c311e65a5a4,3,6,4,4,1,3,3,0,19,323,18,7,89.0
ddd531e1-0440-48ae-800a-f20c41af69f6,2,6,5,2,1,3,4,0,26,754,20,33,95.0
1cff6ddb-077c-49a3-b9b1-c7cdad5c5a66,2,10,4,3,0,0,3,0,19,285,35,18,76.0
3c6e4855-a064-45ef-9ba1-692a2a1c9770,3,10,4,3,0,0,4,0,11,330,33,36,93.0
aea35633-2c28-4426-97f5-9cc483a2646b,2,6,4,3,1,3,5,0,35,875,49,49,96.0
6dda9196-0380-414d-9235-c10e43fb414e,3,11,5,3,0,0,4,0,4,56,46,17,98.0
cccfb865-01b3-442e-b740-e0b81f505d2a,3,9,3,3,0,0,4,0,13,130,2,44,95.0
03475a14-2a18-4b0b-93f5-ee3f95eb5625,3,10,4,2,0,0,0,0,11,231,18,32,68.0
8157aedf-3cb8-41e6-acac-ca31f4256129,2,7,3,3,0,0,0,0,18,468,48,53,77.0
3379e8e7-6522-45ad-8b4b-c42d65e752d1,3,8,3,2,0,0,1,0,3,51,5,11,83.0
9ae589e7-8191-4300-a84f-0a6aad97c42a,3,11,4,4,0,0,0,0,9,234,42,15,80.0
1f9bd25e-d55e-432f-906d-be2832e0475f,3,9,3,2,0,0,0,0,18,180,2,39,90.0
c3febd84-97be-4ed0-9a7b-3c274724031a,3,5,5,2,0,0,2,1,4,88,22,48,76.0
46a01596-9eb8-4790-9e04-ba845207e836,2,9,5,4,1,3,0,0,27,432,33,45,92.0
4255926b-5147-4f6a-8eed-9479ec273f86,3,5,3,2,1,4,0,0,0,0,0,0,97.0
dfc2ebc8-5500-4b50-82be-d77462e965ee,2,9,3,2,1,5,0,0,25,600,44,44,96.0
1a936a97-805b-4cee-9aec-926daf068aae,3,10,5,4,1,3,0,0,17,272,20,3,97.0
a6cacd0c-eb5c-486a-a0d1-251027a2b59b,3,8,4,4,0,0,4,0,0,0,0,0,93.0
1dcf8fd7-0579-4c7d-b867-2e6bdb73e5eb,0,8,5,2,2,6,5,1,0,0,0,0,84.0
9bcd80ff-d980-4c47-8d24-7aefd1f1c6d6,2,11,3,3,0,0,2,0,13,273,39,54,87.0
8484aefb-b48a-4def-9957-9096f3e5b8dd,3,6,3,2,1,2,1,1,12,120,24,39,69.0
a35e9631-e4eb-4557-a26b-6f2609559a9e,2,8,5,3,0,0,0,0,32,864,45,3,75.0
6d281b14-0770-4794-8714-213a98a8e198,3,7,4,4,0,0,3,0,17,391,15,38,81.0
121f5340-fe3c-4efd-b588-5f2655416124,2,9,5,2,0,0,0,0,23,529,26,21,91.0
ab705e8f-b858-4065-affb-a97c46bc3581,1,5,3,3,0,0,5,2,14,308,31,32,73.0
3b352acc-0fa8-4b83-9f14-78ace8ade551,1,7,4,2,0,0,2,2,5,130,6,30,94.0
df380874-aadc-4db9-bf1b-e42b838fb0f6,3,9,4,4,1,4,0,0,15,360,5,18,90.0
ed3f2794-a992-4ce0-bd83-2a067fc1022e,3,5,5,4,1,4,0,0,15,150,39,50,68.0
98819017-823e-4fb9-8740-a987af1920e0,0,6,5,4,2,5,1,0,26,286,5,51,78.0
65fb74d3-9211-4e75-a64c-e76a89893ccc,0,8,3,4,2,8,0,0,0,0,0,0,88.0
4740cd5d-ac02-4515-ac53-2040e26b69ba,2,10,4,3,1,3,4,0,24,576,50,54,97.0
4f42d475-c776-472f-a67f-3721710ad8fa,3,9,4,4,0,0,1,0,8,200,15,25,94.0
e431f3da-f600-4d0f-ba76-86bf19ae9a0d,0,6,4,3,2,7,0,0,22,220,36,50,88.0
360fc955-3175-4c3d-9b68-b9c3dc856b80,2,10,5,4,0,0,0,0,24,648,28,5,68.0
d959640c-36fa-40d3-9f9a-7f94c52bddb7,1,6,5,4,0,0,4,1,17,238,39,18,80.0
c3b38c11-0bcb-49fb-91ff-75f472399a74,1,6,5,4,0,0,1,1,18,522,15,37,83.0
7ca1631a-6a33-4d50-b7c4-1812a5884003,3,10,4,4,0,0,0,0,0,0,0,0,94.0
3c7d4f2c-e091-420f-812c-b1f63fa6cc28,3,10,4,2,0,0,3,0,0,0,0,0,96.0
11cb9f36-3aa0-45ce-b350-da69f16b4894,1,6,4,4,0,0,5,1,12,228,42,10,68.0
10736425-57d9-44fa-9944-ecb1440f16cc,1,6,4,3,1,3,5,1,26,286,2,38,90.0
a79e2fc6-d588-48d8-aacc-30ae69842200,1,7,5,4,0,0,4,2,24,552,22,53,77.0
c5c58e75-ab1c-4fcb-9908-a0ebf6929c26,0,10,5,4,2,7,0,0,12,300,48,28,75.0
aa8e0419-6869-4352-9957-c2ce19a4df19,1,10,5,4,1,5,1,1,9,162,41,39,82.0
bf71b5af-5a4f-4e44-ba7a-ca87d9f090ff,3,8,3,2,0,0,1,0,6,174,42,59,98.0
ae3dcd6d-68be-4555-8891-2616eea6618b,0,11,5,2,2,7,4,0,30,480,39,43,97.0
9544d1fd-71c1-42c2-9919-89bc5fc210bf,1,5,4,3,0,0,4,1,7,189,14,2,98.0
501caa1d-90ea-4e3d-a62b-21d64b15838b,2,9,3,4,1,4,0,0,18,450,24,6,88.0
f8ec485a-c1a7-4210-9311-e69a848199f8,3,8,3,2,0,0,4,0,5,85,44,43,68.0
d34a1614-05f3-4f9a-88bf-dc0bf2b5aca7,3,7,3,3,0,0,0,0,11,220,50,15,86.0
6c5a40d6-81b7-4c8c-8a43-28cbe9f7b6b1,3,10,4,4,1,5,0,0,5,145,11,47,87.0
60bb75a2-5063-493a-8b0d-af43bcb01f84,3,5,5,2,0,0,0,0,5,55,41,25,74.0
c443afae-85b7-4769-9c9b-3aa42d2f9b49,3,11,4,3,0,0,1,0,15,330,14,6,86.0
31923181-f583-4704-8bd5-7071757bb7b2,2,9,5,3,1,5,0,0,34,544,37,32,76.0
dcb6a76d-24ae-4ddd-b286-849f0bc7b932,2,7,3,3,0,0,1,0,29,464,8,24,75.0
fd53b824-68d3-4bf7-b335-9690414454ca,3,10,5,4,1,4,2,0,10,220,23,31,79.0
15d763c8-c667-47dc-b0e4-4b655fcbea47,3,7,3,3,0,0,0,0,0,0,0,0,79.0
dff336e8-f014-4b2f-8fc6-e0d658b2c6ee,2,10,3,2,0,0,0,0,16,416,40,3,81.0
5c9edf70-b59e-4883-a7bb-83d28eedbee5,1,8,4,4,1,3,4,1,6,84,22,20,98.0
017a104d-03fa-4f29-9982-6dda6a7f45c0,3,7,3,2,0,0,0,0,13,351,19,9,80.0
f2eaf3e8-b75a-47bc-9b11-9b7cd993df87,3,10,5,4,0,0,1,1,0,0,0,0,69.0
76a0650f-3ab3-46ef-a7bd-0757f8840278,2,5,4,4,0,0,0,0,30,630,24,25,77.0
0664ac18-e4b1-4687-a748-cf62f7e567f9,2,10,4,2,1,5,0,0,27,513,35,33,94.0
67a16551-d041-4a02-a244-08dfd022fb0c,3,6,4,2,1,5,1,0,4,72,10,39,72.0
bd82c70c-8fc0-4f72-a2ed-52a22a50ea58,1,8,3,2,0,0,2,1,26,338,34,39,94.0
fba696b3-c8c2-4675-ba02-4061a30aef16,3,7,5,4,0,0,0,0,11,110,30,24,90.0
4bf3230d-f348-44df-8f97-f2f8545feb5b,3,10,3,2,0,0,4,0,5,130,37,5,71.0
2af7712b-5192-4039-b527-b1a51858eda8,3,10,4,4,0,0,0,0,3,78,13,47,98.0
1ec54584-53e9-4aeb-849b-1ecb628f6920,2,11,5,2,0,0,5,0,21,567,46,4,78.0
fa9c63b6-6671-44c4-a83a-564068563133,2,6,5,4,0,0,0,0,28,616,44,39,91.0
69f3a439-decd-43f9-bbdd-a6d89724db17,3,7,4,3,1,4,0,0,0,0,0,0,69.0
0b5106f1-f666-4035-8004-d8f2e00a6a1d,2,8,5,4,2,9,3,0,34,918,43,36,83.0
d0b145e9-d7e7-4c2c-8a38-d3590f04765d,3,9,4,4,1,3,1,0,10,200,10,3,78.0
cba3356f-8ea7-4b80-afcb-bdb783165508,3,6,4,2,1,2,3,0,7,189,13,20,69.0
6784c2a4-5419-4346-bd1e-8ddef76ea579,2,6,4,3,0,0,5,0,19,551,32,31,73.0
3ee193d8-7126-4f80-b986-fd42c72759c2,3,10,3,3,1,3,1,0,15,150,15,53,82.0
d0eb8a5d-6237-4eec-a4e0-158099cc2659,2,7,3,2,1,2,3,0,35,455,33,44,98.0
b94dbd3e-01cf-41d6-986f-f35a63a849a8,2,7,3,3,0,0,4,0,30,750,43,17,96.0
e20b63aa-1094-46b0-89e8-7e6311e5962c,2,6,4,4,1,3,1,0,29,319,17,57,94.0
49c9b4ca-d134-4461-a277-992b4d6ed843,2,7,3,4,0,0,1,0,18,468,45,51,95.0
1b0eb8d9-5d90-4feb-85f8-57e9bb66294b,2,7,4,2,1,3,0,0,30,870,16,11,98.0
a229e7eb-4cc4-4904-bc99-f96417bb5bf0,3,10,3,3,1,4,2,0,0,0,0,0,72.0
67a7cfcd-2ec3-4d77-a65d-e632b87f5456,1,7,4,4,0,0,3,1,11,297,2,39,76.0
16e1d5c0-c928-45c9-9206-d483c8771a33,3,7,4,3,1,3,5,0,6,102,11,4,76.0
b7e2ecbc-d330-413a-92ac-d3f85a79ef85,3,10,4,3,1,3,4,0,0,0,0,0,89.0
1044be72-5821-47e7-92b6-0796d7cba486,2,6,5,4,1,4,3,0,28,336,1,56,73.0
ebd67270-7b36-40e2-ba76-ffe10b3142c3,2,8,4,3,0,0,0,0,26,754,11,29,70.0
14f94e94-7722-4ae8-8b7e-be63c79c6533,2,10,3,2,0,0,1,0,35,455,32,29,71.0
84b11712-b999-4294-9216-31439dee842d,3,6,4,4,0,0,0,0,8,232,16,57,81.0
41548c0f-f749-405b-8baa-0d455112ae92,2,8,3,2,1,5,0,0,32,448,30,29,71.0
c0d7e26a-5ff2-486e-9549-731319f1a415,1,9,5,4,0,0,3,2,34,578,45,5,68.0
408c11bf-3b81-445f-b34d-5dc8d82d98a6,1,6,3,2,1,4,3,2,26,650,10,41,77.0
72784713-9bf5-4872-b81e-90d330240b55,2,9,4,2,0,0,0,0,24,552,7,41,71.0
2eb80ac5-5cde-49bd-92de-1cea1c48bc1e,2,8,5,4,0,0,0,0,26,390,46,20,92.0
ae7ebec1-fd6e-42b9-8252-7ca6592ae554,2,5,4,2,1,3,0,0,29,667,29,56,93.0
8232d63e-d487-4977-bd32-327717e11fb0,1,7,5,4,0,0,5,1,3,54,33,41,90.0
387913f7-3bc9-49cb-8fe2-9330745c9851,3,11,5,4,1,4,0,0,0,0,0,0,88.0
937d18e2-38a4-4b49-a93a-047fab3db10e,0,6,4,4,2,9,0,0,31,372,23,45,80.0
9c588639-a077-4e52-b96e-abc5b46ed667,2,9,3,4,1,5,0,0,21,231,33,11,79.0
e08544ce-9fea-4ed5-926b-df8a4054cef4,2,8,4,3,1,4,4,0,23,276,39,44,80.0
11ae27ca-bf45-46bd-9607-4def4f4b9847,1,9,5,3,1,3,5,1,34,340,21,29,81.0
5bb79aa1-96a0-4574-ab8a-8a44cc9b7d84,2,10,3,2,1,3,3,0,18,450,32,50,80.0
e12d2d84-0277-4bcb-84ff-63450e3cc004,3,8,5,3,1,3,5,0,0,0,0,0,82.0
fe99f611-2c6c-4443-b5ca-7a9efb2bbdf1,2,10,5,4,0,0,3,0,24,720,16,50,76.0
b3b6351b-3567-4776-9e69-58952ccbd617,2,11,3,4,0,0,0,0,27,783,22,26,94.0
d98f74bd-f178-4c27-b181-e77e0b0e657d,2,6,5,2,1,4,3,0,34,510,35,14,89.0
6f77d6a3-8da9-4180-a762-e5768bd04a12,3,8,4,4,0,0,1,0,5,85,3,19,85.0
f0ae74dd-8a44-49f8-b614-11c3abb9efb5,2,5,4,2,0,0,0,0,24,432,15,8,75.0
b33c7dd8-cc1e-4f75-abd7-db482c0308b4,0,10,3,2,2,8,2,0,15,195,6,2,90.0
4a4c9e97-9845-42a6-98b8-c94aad38f9e6,2,8,5,3,0,0,0,0,24,456,23,2,86.0
286ddc0f-e370-4a6a-b71d-eafbac97a95f,3,7,4,4,0,0,2,0,5,125,14,60,88.0
43965359-ca1d-45cf-91a8-d082153130f9,0,10,3,2,2,6,0,0,19,247,1,55,80.0
eea395fd-93bf-4317-b6e5-0916f9cab3b2,3,7,3,2,1,4,1,0,6,180,50,19,95.0
d650a5ef-4b67-4938-b860-7cdad70abcaa,3,6,4,4,0,0,3,0,15,360,15,27,77.0
5061b396-fa5f-47ae-a0ae-f1592c9af4bc,2,6,3,3,1,4,0,0,19,570,4,24,77.0
6e3fd000-3350-4764-982f-563f6caa0a70,2,5,3,3,2,7,1,0,32,768,21,52,78.0
c1177040-dce4-4597-81dd-d97175e6d848,3,7,4,3,0,0,0,0,5,70,9,23,88.0
fd0feb1e-8702-4e30-9a7d-f1a6152889b2,3,8,3,2,0,0,0,0,7,154,18,15,77.0
7414c738-2eef-4913-994b-6afa09ab6f6b,2,8,4,2,0,0,4,0,35,840,17,14,72.0
8995f629-3c40-4be3-af08-55a1ef05567b,2,9,4,2,0,0,0,0,30,720,24,60,90.0
aaf15e54-2ea9-4302-9eb0-49002b6784b3,2,11,5,3,0,0,4,0,32,704,21,49,95.0
10bc86f8-4c4f-44c5-ac1f-8300667bcd91,2,11,3,2,0,0,0,0,28,420,4,44,89.0
7e0352df-50b1-49a4-85bc-9954988090f0,3,6,5,2,0,0,1,0,4,92,1,2,94.0
5fbb6942-6c35-4a1b-ad7e-c04350c2a97c,3,6,5,2,0,0,2,0,0,0,0,0,88.0
eceb9a38-a02e-488b-8056-dfe93cb6e122,2,10,5,2,0,0,3,0,23,575,4,23,87.0
bcbb259f-658e-4461-8c3d-c07b29aa5e23,3,10,3,3,1,3,0,0,5,130,50,28,92.0
91c33b06-c698-49f7-b17c-be3d4a8a4efe,2,10,4,2,0,0,0,0,16,272,32,7,91.0
62e37ce6-ceca-4f3a-aa3a-b3f14c0ccdde,3,9,4,3,0,0,4,0,8,152,38,36,85.0
6da5d977-9417-4177-8d85-9d17ec4d57b1,1,9,3,4,0,0,3,1,7,161,2,60,80.0
0ccf56e5-46bd-47b3-b230-cc2db88dabf9,1,10,3,4,1,5,3,2,8,208,12,58,73.0
6c14e06c-348f-4870-8099-0da821e87a20,3,8,5,2,1,5,0,0,14,196,12,33,84.0
3121dc95-f26c-4d0e-822b-4b9f324d2bb8,3,10,3,2,0,0,1,1,9,90,3,19,89.0
7c59a687-5d33-4f1e-b160-4b4af927664b,2,10,4,3,1,4,1,1,33,858,26,44,68.0
5a5e88c1-5f2d-4dda-bf2b-57bab8f82575,3,7,5,2,0,0,5,0,8,152,43,37,73.0
9bd2188b-b88c-4911-b3b0-168e9e3e1ab3,2,6,4,2,0,0,0,0,34,408,50,46,95.0
6604b8b7-f568-4fb9-a52b-767a49585bc8,2,10,4,4,0,0,0,0,15,330,27,22,93.0
6c984ec2-ddc4-4ca1-8e04-8fe558b7446a,2,9,3,4,0,0,0,0,33,990,13,33,90.0
79ace0f3-d328-4e54-99d8-c5fdd11aa452,1,11,5,4,1,4,4,1,16,256,47,14,79.0
30591ae9-51a7-49ff-915a-2774d3908f84,0,11,3,2,2,8,0,0,10,250,41,44,75.0
25f8a3d3-8ede-4e0d-bda4-823968c1f78a,3,6,3,4,1,2,0,0,0,0,0,0,82.0
09e66042-dbeb-44f2-87d2-6575477a1ea9,1,8,5,3,0,0,4,1,35,560,44,8,75.0
538469bd-76bb-4282-8098-c3a4b49df851,2,10,5,3,0,0,1,0,15,315,36,44,87.0
c7e4375f-a8fd-4865-8103-37abae37a3a5,2,10,4,2,1,3,4,0,21,567,17,40,96.0
eaaf1148-a323-40bb-9ae9-592ace11a073,2,10,3,4,0,0,3,0,25,600,32,20,98.0
348841ad-ba6a-47d4-b330-96d68c5c0b3f,3,7,3,4,1,5,0,0,3,69,44,36,75.0
359cd95a-3ba1-415a-89c5-e2d4d3e11945,2,7,4,3,1,3,1,0,34,374,22,2,78.0
0f60b7fb-bc7e-48e4-95b5-f5b0a7f7bc31,1,7,3,4,0,0,2,1,14,378,17,8,89.0
afc2bd90-04a1-4a8a-82b7-e1582e9a16d8,2,10,5,3,1,4,0,0,35,350,49,45,69.0
1bf2ac9a-4858-4f47-8632-78375ffd5317,2,7,4,4,0,0,0,0,35,1015,11,14,88.0
7b1118d2-ff79-4404-acfb-d497a98b3256,3,6,4,2,0,0,3,0,6,114,7,19,76.0
dc121a55-7e67-46ad-8a5e-d5f29f0627c4,0,6,5,3,2,8,0,0,10,110,37,60,74.0
1ac50d1b-e5e1-448b-9a7c-d0b1946dd32f,0,11,5,3,2,8,5,1,16,240,0,12,74.0
aef464f5-af76-44a4-87e7-f6be50045a9c,2,6,5,3,1,2,2,0,29,841,18,22,88.0
133a715d-4f56-43a7-bb5f-3e79e3b6da6c,3,9,4,3,1,3,0,0,14,224,36,33,88.0
087b73f9-9ad8-434c-b57d-4f1046ff9811,3,7,3,2,1,3,0,0,8,144,9,42,68.0
2c3a61f7-7a00-431a-88b8-3cebad4617d3,2,7,3,3,0,0,0,0,21,273,32,58,72.0
5f1f946b-d5f8-40bb-8a4e-e31b98a7063b,2,11,5,2,0,0,0,0,24,696,11,45,72.0
930e1ffd-fd29-4319-a6b1-cc15b7906c5b,2,9,4,2,1,3,0,0,25,500,31,29,90.0
1940ff65-3c28-41a4-9813-5a3ada45eb94,3,10,5,2,0,0,1,0,11,143,3,60,79.0
1538ac8c-01d2-479a-9cc9-7eca051bd928,2,6,5,4,1,3,0,0,29,406,48,13,91.0
61b17d01-04ee-42cb-bbfc-f28d39781cbd,3,10,4,4,0,0,1,0,8,208,24,10,80.0
0dabe4e1-350b-4355-83ee-2950ef0ed983,3,8,3,4,0,0,0,0,7,112,38,2,74.0
5cab9df0-fce9-4f96-b7d4-77b04d8ef79a,1,10,4,3,0,0,2,2,35,490,1,39,83.0
0366bf32-f9d4-4aa2-a3f8-e65520b0768c,2,10,4,2,0,0,1,0,34,442,0,11,85.0
a77319ee-9873-49de-b21e-6b3e001b5e9a,2,5,3,3,1,3,3,0,23,483,5,45,84.0
f3c3b313-5833-4177-8e71-e4f43b160626,3,5,4,3,1,4,3,0,7,140,21,40,74.0
47bb619e-c8da-4f9d-b2b8-c1f34353bcbe,2,7,4,2,0,0,1,0,20,440,5,21,95.0
e2fce6e3-f948-4770-b5e5-a66e7d104e15,2,9,5,2,0,0,0,0,12,240,42,54,68.0
865025ab-17ab-4a0a-9d53-5985612261a0,3,7,3,4,0,0,2,0,3,63,23,3,96.0
8fdb4f75-2082-46bd-ac46-3d880127590a,3,9,3,4,0,0,1,0,9,108,41,3,71.0
4b17ddf9-16f9-48fc-9d6d-51afa2390456,3,9,4,4,1,4,0,0,0,0,0,0,72.0
c65f13b3-7b3a-48d0-afed-fd8dde83f3c3,3,10,4,3,1,3,1,0,0,0,0,0,68.0
4628ab0b-3b8f-4738-8e72-f931e9ca9aa3,3,8,3,2,0,0,0,0,12,360,1,42,95.0
31dcad26-4ef6-4733-ae9d-014171bbf233,2,8,3,3,1,4,0,0,14,392,40,40,71.0
61fd5470-3e56-4a8f-95c3-c80c3571e83a,1,9,4,3,1,3,4,1,28,448,16,13,89.0
1d66819b-e8d6-4d38-a01a-7c1e10682d7a,3,7,3,2,0,0,2,0,5,130,16,39,77.0
9bba2348-18e5-4a9c-af06-3a0a13237599,2,9,3,2,1,3,1,0,20,580,42,6,96.0
ae6cb331-f877-4763-9728-6e2651b1be61,3,6,4,3,0,0,1,0,21,294,25,4,97.0
7330eba1-85ce-43aa-866d-b5df0c4f5175,3,9,3,3,1,2,2,0,15,315,34,2,76.0
d095cbba-302b-48b1-b0fc-d4269950c37a,1,11,4,4,0,0,1,1,19,361,45,7,85.0
764a5184-1cb3-4b67-90a5-b8daa11ab4db,3,11,5,3,1,3,1,0,9,117,15,3,73.0
da656870-ec8c-477f-ac77-d99f762a096a,0,5,4,3,2,9,0,0,10,170,7,5,86.0
c4dd2160-9823-4402-81d3-8707c241bdd5,1,10,4,3,0,0,5,2,18,270,20,45,73.0
37921f8e-6940-4221-a34b-d7be678be5c4,0,7,4,2,2,7,4,1,19,399,29,2,77.0
550d3980-7d3a-4102-86fa-046f33d46845,2,7,3,2,1,3,1,0,25,500,25,39,98.0
b4480ab9-68c4-405e-89c5-4425b42b6a50,3,5,4,3,0,0,1,1,0,0,0,0,77.0
1d9b4b3e-c4c0-43ca-8453-f32f9ffec287,3,9,4,4,0,0,1,0,5,125,22,17,81.0
0d7aa2ad-f54e-438f-805a-7cb4ac9fb423,2,9,4,3,0,0,3,0,23,598,43,47,82.0
1cca7ff7-949b-4b61-ab87-5e3a12f08e01,3,6,5,4,1,4,0,0,9,180,38,8,86.0
2f7aab88-8c56-4ac2-afb3-ea61ddce7899,2,10,4,2,1,3,0,0,31,682,3,9,80.0
bb770a17-7d83-4cbb-aca4-e2a868dafa3e,3,10,5,3,1,4,3,0,10,280,24,2,77.0
db9b9a6c-7010-490f-b192-b87384ac6cdb,1,8,4,2,1,4,3,2,35,910,16,10,86.0
4b282682-3a5b-46d9-9de9-e6085fcaf92c,3,6,4,2,0,0,3,0,0,0,0,0,76.0
43e5a54e-789c-45a4-8d3a-342e4cd105d1,3,7,4,2,0,0,3,0,9,144,2,53,96.0
38812e74-0884-4445-9981-78634874951b,2,11,3,3,0,0,0,0,22,286,7,33,69.0
bb674ff0-1424-4409-99df-9f0eebde85eb,2,11,3,2,0,0,1,0,19,304,21,58,72.0
6750c492-31c8-4aa9-8d43-05cfda6f0f44,3,9,3,2,0,0,0,0,0,0,0,0,84.0
89d8fc5d-e5fd-43e4-9fa2-b97feeb783d5,3,6,5,2,2,5,0,0,5,50,46,17,70.0
aff604cd-f7da-4db8-84b1-9a8b7025294f,2,9,4,4,0,0,2,0,20,400,44,36,71.0
8ad6c823-a9c7-4460-aa3b-8594a99e72f2,3,6,4,2,0,0,4,0,5,90,17,39,77.0
4a592bb5-0eb1-4432-9361-7200f4085604,2,9,5,2,0,0,1,0,30,690,50,48,93.0
47a94596-24f8-4c7c-9961-3337e72d1feb,0,9,3,4,2,6,0,0,4,96,0,31,98.0
e2cd9ecd-2a7e-47a0-a70f-5b6c97586fa9,2,10,4,2,1,3,0,0,17,187,45,18,68.0
2fbfa86f-52f2-4cd0-a0d9-623b6209eccd,0,5,3,4,2,7,0,0,4,52,38,15,84.0
ceb57173-b7f5-48a0-998f-44a39197a8ac,2,5,3,4,0,0,0,0,31,620,17,14,77.0
f37400af-de93-44f8-b68e-61e1a07cbf84,2,7,5,4,1,4,1,1,29,667,32,11,83.0
c5644ec7-56a1-4c47-9050-b7704cf711bd,2,8,3,4,0,0,3,0,24,672,38,41,91.0
25444a13-cd34-4765-9746-ff99a1521325,0,7,3,4,2,6,0,0,0,0,0,0,98.0
9819149e-0509-4b74-a86f-7975147d2768,0,8,4,2,2,6,4,0,10,130,28,58,83.0
73959e1f-79e1-4754-a8eb-88b8c30b76cb,3,5,4,4,1,3,1,0,17,272,16,32,83.0
ee0e5321-7a36-48e8-a779-33227c94a127,2,10,5,2,0,0,5,0,21,525,31,52,87.0
595e0130-e17f-413e-b188-78166328de09,2,9,4,3,1,5,1,1,31,713,25,18,76.0
ee8e02a0-9f5d-4f2a-98f8-77485ed5989e,2,9,5,4,1,4,1,0,24,552,13,37,98.0
32ac216b-0872-4b63-8b3d-efe240162165,3,5,5,3,0,0,0,0,0,0,0,0,84.0
71356e5d-9127-4bbd-9772-a4c4e1f40a13,2,11,3,4,1,5,0,0,28,588,48,36,82.0
039089eb-97a5-449d-bee2-00908fe0a587,1,8,5,2,0,0,3,2,17,187,49,33,81.0
9f9b0eda-2962-4e7d-b183-2577399042d9,3,8,5,3,0,0,0,0,10,150,12,30,69.0
fcf55a24-23c2-4309-a192-7f47d52acf29,3,11,5,4,0,0,4,0,11,165,33,47,68.0
c1a1ab53-2ff7-4fec-b883-968673ac227a,2,11,3,2,0,0,1,1,30,840,46,21,87.0
5f9cfcc6-552b-4718-a0ae-2c03abd29b11,3,9,5,4,0,0,0,0,0,0,0,0,75.0
0c35f9a0-6d65-4934-a241-359a7e8a4f8b,2,8,5,3,0,0,1,0,16,240,40,55,90.0
e010432f-7f95-480f-9c68-b6292bbbbefd,2,10,5,4,1,4,1,0,28,308,44,47,76.0
f2678cee-0f88-456f-9d8c-da04a86f8ea8,2,10,5,2,0,0,0,0,20,320,41,41,78.0
2df251e3-b72c-4b1c-be29-4f4a1a0e19f7,3,5,3,2,1,4,1,0,8,224,29,7,97.0
ee3b1533-299c-4e72-98f8-51677fd888c2,3,5,5,4,1,3,1,0,14,266,16,46,76.0
03152bf2-5613-4b4e-bfb1-5457c4f81fb3,3,5,4,3,0,0,5,0,16,288,13,31,69.0
61ef963c-2d5a-43ec-831d-06a2131d686e,0,9,4,3,2,8,1,1,28,532,2,58,92.0
9c7b6795-f410-4c60-a33d-1b394b14a28e,3,5,3,2,1,3,1,0,14,238,13,29,91.0
906b7c83-8d8a-4fd8-91e5-44be728572c1,2,7,4,4,0,0,2,0,21,483,38,27,70.0
2e6429ae-0f2a-44a0-a1f8-20065eb6cfe2,3,7,3,2,0,0,0,0,14,322,9,20,80.0
c2c837eb-9da5-4084-8bad-249a505da0ef,1,10,3,4,1,4,4,1,14,322,34,50,95.0
c07b1843-8687-4258-9ad7-9ab65909a578,2,10,5,4,0,0,0,0,29,290,28,22,88.0
661f3618-4b9f-4890-b5b9-ac942b752fd5,3,6,4,3,0,0,4,0,5,70,38,48,80.0
19d329f2-3d8d-46b4-9a4c-c52d841a38aa,2,8,5,2,1,4,3,0,29,464,1,52,89.0
d25bd5e3-330a-4555-a834-db21146c8618,2,7,4,3,0,0,5,0,25,600,9,31,74.0
a488a43c-38ab-4a5d-b6d1-e4ebb9f9c281,3,10,3,2,1,4,5,0,10,130,25,15,71.0
ea526b22-b31d-4bcc-bf22-b26e667a0389,1,8,5,4,0,0,4,1,14,308,18,2,94.0
026d7a41-6d0c-4425-bc94-74799fa8319f,3,10,5,2,1,4,4,0,15,300,8,20,96.0
4f7b4233-d37f-40e9-b1c8-3850e71693d5,2,6,4,4,1,4,0,0,28,308,23,27,88.0
0fb77dc3-3168-4912-8bdb-eb91f70010dd,2,9,3,4,0,0,1,1,24,576,44,18,76.0
c14cdc98-76b8-4f75-94a7-d0af30fa0dec,2,8,5,2,1,3,0,0,19,399,46,34,80.0
202833cf-72c1-4a1a-94cf-7da9f9466fd7,3,8,4,3,0,0,2,1,3,78,14,49,79.0
cccfba1b-ed2e-4a9a-bd25-c6065845a27c,2,9,5,2,0,0,0,0,20,540,17,7,91.0
ef7c61a2-dde5-449b-88e6-13dd92fbe187,2,9,4,2,0,0,1,1,30,390,46,58,92.0
ba86a929-17c0-4066-af10-99311c211163,1,8,5,3,1,2,2,1,7,161,43,21,97.0
e887736d-bf55-4cf8-919a-9a3b332033d1,3,7,5,2,0,0,0,0,13,260,33,32,93.0
ffe0d273-f719-408a-aa21-4cf1c812a031,3,7,4,2,1,4,1,1,4,80,27,52,78.0
887a6e2f-751f-4c67-b70f-e6710e6db785,2,6,4,4,0,0,0,0,24,432,34,25,97.0
1aa4dd0e-1723-4fe7-82c4-cc8f8c26eaf8,1,7,5,3,0,0,2,1,16,240,20,31,82.0
dfd6a237-0a98-43be-8837-4607f5015d2c,2,10,3,4,1,4,5,0,32,928,41,14,92.0
fce40198-f588-46cb-81a7-fb2b2f159039,2,6,5,2,0,0,2,0,17,476,43,51,85.0
a9f3c96e-2956-41f4-8111-071edbcacdc0,3,6,5,4,0,0,3,0,16,336,1,10,71.0
03e288d6-b5f5-4c3f-b75d-3807da225e35,2,5,5,4,0,0,0,0,25,500,26,14,70.0
c942d9cb-4340-4ddb-9e60-09cb93fcb96d,3,5,4,4,0,0,4,0,23,253,9,56,73.0
6d04bbd9-50f3-4969-a3f7-bb0d4f0614fe,0,6,3,4,2,6,3,0,13,195,6,2,96.0
6865cca3-4c65-4233-ad13-01f07df1e294,2,10,4,3,2,7,1,0,32,896,33,35,96.0
b5b19d8a-de3e-45ba-bba5-521f2a25f95f,2,9,3,4,0,0,3,0,19,513,28,9,88.0
1e0e2f42-c427-4c4d-83bd-e57542369eb1,2,10,5,2,0,0,1,0,30,810,5,57,73.0
b7dad599-a16d-4fcf-b509-98101812c67c,2,7,5,2,0,0,0,0,30,480,17,5,77.0
689ef428-5690-41ea-8a1b-ebc15103c183,2,10,3,2,1,4,0,0,20,280,25,9,98.0
b0c406c2-cfd3-4349-b3de-c77e91c6b52c,3,5,5,2,0,0,0,0,0,0,0,0,92.0
b72b4665-e42c-4033-9c61-31b99ebc5161,2,11,5,3,2,7,0,0,34,918,38,55,80.0
3a212f49-df4c-495e-9787-a66a9881678f,2,11,4,3,1,4,0,0,24,312,18,60,93.0
085e4057-c0dd-431b-a78c-ff334b23176d,3,7,5,4,0,0,0,0,17,340,19,8,88.0
7b929e32-04b2-4631-ad5e-edb95f7b57ce,2,7,4,3,1,4,1,0,28,392,24,8,87.0
1312ab45-4134-46b2-a7bc-80cc06648943,2,6,3,2,0,0,1,0,33,792,26,37,86.0
89725f1b-cf77-46ec-b600-8d479c5336f0,1,9,3,4,0,0,5,2,17,357,45,46,94.0
3ed7abd2-0827-4ed4-b481-04b77872f7ed,2,8,4,4,1,3,1,1,35,805,9,51,89.0
b5bdc175-0d76-4760-ba9e-a6886725d1cc,3,5,3,2,0,0,4,0,0,0,0,0,98.0
26c0644c-a983-46f1-8011-8113f9f5e1e8,3,8,3,2,0,0,0,0,9,234,16,3,69.0
38ec06b2-32c5-44b5-9006-583e15a4e8de,3,7,5,3,0,0,0,0,14,364,9,54,68.0
97f1639b-02d7-491e-b55e-723ec9973a3b,2,5,4,3,2,4,0,0,33,924,6,56,70.0
71347510-c0fa-4c17-9340-1d4f34a9e024,3,11,4,4,1,5,2,0,0,0,0,0,77.0
78fc6901-7fbc-449d-ba7c-32ccbe16273a,2,10,5,2,1,4,0,0,17,357,25,4,72.0
57f1deb3-f6b6-4040-937c-f8842a4bdeb1,2,11,5,2,1,4,0,0,19,418,18,36,77.0
2c34b234-dd0c-4b60-91a8-9959c95c9859,1,9,4,2,0,0,2,2,5,130,49,14,91.0
61651476-b23b-4e95-9a84-a886cfb57efc,3,8,3,3,1,5,0,0,7,161,33,36,87.0
0c8bb400-827f-49e1-a7d9-1d94cb7f8dfc,1,6,3,4,0,0,3,1,18,450,39,18,88.0
8500cf34-7cf8-4e37-896e-0444443e65af,1,8,3,4,1,4,3,1,28,392,46,35,75.0
d92644e4-b1af-4c67-97b4-42a739dc989f,3,10,4,2,1,3,1,0,15,210,26,22,75.0
be383411-f3cf-4b9b-86fc-e4856043fba8,1,6,4,2,0,0,4,1,21,399,6,53,73.0
3f631164-dc26-430c-8497-8c7760bfcedd,1,10,3,3,0,0,2,2,31,310,31,44,79.0
9aa99dc7-a5e9-4eee-acb5-b5656d6583c8,3,6,5,4,0,0,1,0,13,143,41,17,76.0
0be069f8-4359-46f5-8597-2da68f4dacb5,1,7,4,3,0,0,2,1,24,336,22,48,85.0
0c80f749-3d68-49f7-b466-a887bbecea6b,2,10,5,2,0,0,2,0,32,960,21,52,87.0
7b2e3b2a-c45e-40d1-b5a3-f4c25123b11c,2,11,3,4,0,0,0,0,35,350,5,13,76.0
bcd5ab2e-cbc6-4fb3-8f9e-4e431f84a173,3,7,5,3,1,3,2,0,0,0,0,0,92.0
ed5299a2-0bad-49b4-926e-1cf67c877fe8,1,8,4,4,0,0,2,1,23,506,29,57,82.0
6d8f0325-f1c0-4cae-b27e-784bc5bd1b60,1,10,3,3,1,4,4,1,13,325,42,5,98.0
9365a220-90af-4de1-ab03-eb3a03eac0e3,0,6,5,4,2,6,2,1,24,384,8,22,97.0
542b7d19-73c7-45fb-b92c-53bcb997d9cf,1,10,4,4,1,4,2,1,15,450,12,40,71.0
fe666b31-cdfb-495a-9c8a-2288a74bae75,3,8,5,3,0,0,5,0,9,162,29,19,90.0
7bd82166-0181-4cbe-b9a6-a1cf8a92be4c,3,6,5,4,1,4,0,0,7,98,9,8,73.0
8c18a2bb-3ec0-4545-8fa8-02ccbc89971c,3,9,5,2,0,0,1,0,0,0,0,0,94.0
e1d8cfae-372f-4a25-b650-e90bcb367e87,2,6,4,4,0,0,1,0,34,340,22,46,86.0
0398edf0-1654-443e-8430-98ce7d688969,3,8,4,4,0,0,5,0,5,110,6,49,74.0
556e9915-9ae4-403c-be22-8db0499bc5e5,1,6,3,2,0,0,4,2,28,812,48,12,83.0
6743983b-209e-4bf0-9eed-5c7d813f9a5a,3,5,4,2,1,3,0,0,5,65,19,11,82.0
8b572eff-2e4b-4c15-8ec4-0e9a89a990c8,3,6,5,2,0,0,3,0,0,0,0,0,81.0
89fd636c-f318-4056-861f-7c69aabaed3f,3,10,4,4,0,0,0,0,8,232,23,31,85.0
03b5c41b-9b04-4bc6-9771-af990671b169,3,10,4,3,1,4,2,0,13,364,8,54,94.0
