id,skill_count,interest_count,domain_count,project_count,project_technology_count,hackathons_participated,hackathons_won,github_repos,github_commits,github_stars,github_followers,profile_completion,skills_text,interests_text,domains_text,projects_text,profile_text,branch_aerospace_engineering,branch_agricultural_engineering,branch_architecture,branch_artificial_intelligence_and_data_science,branch_artificial_intelligence_and_machine_learning,branch_automobile_engineering,branch_biomedical_engineering,branch_biotechnology,branch_chemical_engineering,branch_civil_engineering,branch_computer_science_engineering,branch_cyber_security,branch_data_science,branch_electrical_engineering,branch_electronics_and_communication_engineering,branch_fashion_technology,branch_industrial_engineering,branch_information_technology,branch_instrumentation_engineering,branch_mba,branch_mca,branch_mechanical_engineering,branch_mechatronics,branch_robotics,year_1st_year,year_2nd_year,year_3rd_year,year_4th_year,status_in_team,status_looking_for_members,status_looking_for_team,status_offline,status_open_to_invites
b4c077d2-148e-42f9-bc80-1515091459a8,8,4,2,4,11,0,0,11,434,0,22,72,"JavaScript, Git, C++, Java, PostgreSQL, TypeScript, Kubernetes, Problem Solving","Thermal Systems, Synthetic Biology, Robotics, Hydroponics","Logistics, Mechanical","Project: Microservice Telemetry Mesh. Desc: Observability suite with metrics tracing and fault injection for web microservices. (Tech: Go, Docker, PostgreSQL, Prometheus) | Project: Realtime Collaborative IDE. Desc: In-browser multi-user IDE supporting live operational transformation. (Tech: TypeScript, Node.js, WebSockets, React) | Project: Cloud Native Compiler Platform. Desc: Distributed remote code execution engine with container sandbox isolation. (Tech: Python, Docker, Kubernetes, React) | Project: Low-Latency Micro-Ledger. Desc: High-throughput audit transaction engine with cryptographic proofs. (Tech: Rust, PostgreSQL, Docker)","Bio: Computer Science Engineering student at GCT passionate about Thermal Systems and Synthetic Biology.. Branch: Computer Science Engineering. Year: 2nd Year. Skills: JavaScript, Git, C++, Java, PostgreSQL, TypeScript, Kubernetes, Problem Solving. Interests: Thermal Systems, Synthetic Biology, Robotics, Hydroponics. Domains: Logistics, Mechanical. Projects: Project: Microservice Telemetry Mesh. Desc: Observability suite with metrics tracing and fault injection for web microservices. (Tech: Go, Docker, PostgreSQL, Prometheus) | Project: Realtime Collaborative IDE. Desc: In-browser multi-user IDE supporting live operational transformation. (Tech: TypeScript, Node.js, WebSockets, React) | Project: Cloud Native Compiler Platform. Desc: Distributed remote code execution engine with container sandbox isolation. (Tech: Python, Docker, Kubernetes, React) | Project: Low-Latency Micro-Ledger. Desc: High-throughput audit transaction engine with cryptographic proofs. (Tech: Rust, PostgreSQL, Docker)",0,0,0,0,0,0,0,0,0,0,1,0,0,0,0,0,0,0,0,0,0,0,0,0,0,1,0,0,0,0,1,0,0
389062fe-a5c8-4f8d-ab5a-72f522fa00fa,10,5,3,2,7,4,1,11,379,43,11,78,"Docker, TypeScript, Python, FastAPI, Java, JavaScript, Git, Kubernetes, Communication, Ideation","FinTech, Automation, Defence, Bioinformatics, Quantum Computing","Aerospace, Cybersecurity, Logistics","Project: Realtime Collaborative IDE. Desc: In-browser multi-user IDE supporting live operational transformation. (Tech: TypeScript, Node.js, WebSockets, React) | Project: Cloud Native Compiler Platform. Desc: Distributed remote code execution engine with container sandbox isolation. (Tech: Python, Docker, Kubernetes, React)","Bio: Building sustainable and scalable solutions in FinTech. 4th Year at GCT.. Branch: Computer Science Engineering. Year: 4th Year. Skills: Docker, TypeScript, Python, FastAPI, Java, JavaScript, Git, Kubernetes, Communication, Ideation. Interests: FinTech, Automation, Defence, Bioinformatics, Quantum Computing. Domains: Aerospace, Cybersecurity, Logistics. Projects: Project: Realtime Collaborative IDE. Desc: In-browser multi-user IDE supporting live operational transformation. (Tech: TypeScript, Node.js, WebSockets, React) | Project: Cloud Native Compiler Platform. Desc: Distributed remote code execution engine with container sandbox isolation. (Tech: Python, Docker, Kubernetes, React)",0,0,0,0,0,0,0,0,0,0,1,0,0,0,0,0,0,0,0,0,0,0,0,0,0,0,0,1,0,1,0,0,0
8d64530c-b109-44d6-898f-58a15a3429d0,10,6,3,4,11,1,1,28,368,27,78,91,"Python, JavaScript, Git, React, Node.js, C++, Docker, Java, Team Leadership, Rapid Prototyping","Precision Agriculture, Wearable Tech, Nanotechnology, Manufacturing, Gaming, Hydrology","EdTech, AI/ML, FinTech","Project: Low-Latency Micro-Ledger. Desc: High-throughput audit transaction engine with cryptographic proofs. (Tech: Rust, PostgreSQL, Docker) | Project: Microservice Telemetry Mesh. Desc: Observability suite with metrics tracing and fault injection for web microservices. (Tech: Go, Docker, PostgreSQL, Prometheus) | Project: Realtime Collaborative IDE. Desc: In-browser multi-user IDE supporting live operational transformation. (Tech: TypeScript, Node.js, WebSockets, React) | Project: Cloud Native Compiler Platform. Desc: Distributed remote code execution engine with container sandbox isolation. (Tech: Python, Docker, Kubernetes, React)","Bio: Interested in Precision Agriculture, Wearable Tech, and Nanotechnology. Active hackathon builder.. Branch: Computer Science Engineering. Year: 2nd Year. Skills: Python, JavaScript, Git, React, Node.js, C++, Docker, Java, Team Leadership, Rapid Prototyping. Interests: Precision Agriculture, Wearable Tech, Nanotechnology, Manufacturing, Gaming, Hydrology. Domains: EdTech, AI/ML, FinTech. Projects: Project: Low-Latency Micro-Ledger. Desc: High-throughput audit transaction engine with cryptographic proofs. (Tech: Rust, PostgreSQL, Docker) | Project: Microservice Telemetry Mesh. Desc: Observability suite with metrics tracing and fault injection for web microservices. (Tech: Go, Docker, PostgreSQL, Prometheus) | Project: Realtime Collaborative IDE. Desc: In-browser multi-user IDE supporting live operational transformation. (Tech: TypeScript, Node.js, WebSockets, React) | Project: Cloud Native Compiler Platform. Desc: Distributed remote code execution engine with container sandbox isolation. (Tech: Python, Docker, Kubernetes, React)",0,0,0,0,0,0,0,0,0,0,1,0,0,0,0,0,0,0,0,0,0,0,0,0,0,1,0,0,0,0,0,0,1
dd0434a4-56fe-447b-b4a9-5d07504606b3,9,5,3,1,3,1,0,4,143,36,12,91,"Python, Vue.js, MySQL, React, Angular, Java, MongoDB, Tailwind CSS, Communication","NLP, Embedded Systems, Avionics, Artificial Intelligence, High Performance Computing","Design, Web, FinTech","Project: Peer-to-Peer Notes Sharing Network. Desc: Decentralized file-sharing network for academic study materials. (Tech: Node.js, MongoDB, React)","Bio: Information Technology student at NIT Trichy passionate about NLP and Embedded Systems.. Branch: Information Technology. Year: 1st Year. Skills: Python, Vue.js, MySQL, React, Angular, Java, MongoDB, Tailwind CSS, Communication. Interests: NLP, Embedded Systems, Avionics, Artificial Intelligence, High Performance Computing. Domains: Design, Web, FinTech. Projects: Project: Peer-to-Peer Notes Sharing Network. Desc: Decentralized file-sharing network for academic study materials. (Tech: Node.js, MongoDB, React)",0,0,0,0,0,0,0,0,0,0,0,0,0,0,0,0,0,1,0,0,0,0,0,0,1,0,0,0,0,1,0,0,0
075a80d5-043a-4b43-bdea-b48fad26e8ff,9,4,4,2,4,0,0,0,0,0,0,86,"AWS, REST API, MySQL, Angular, Vue.js, Express.js, Python, Rapid Prototyping, Presentation","Agritech, Microelectronics, Generative AI, Digital Twins","IoT, Logistics, Web, AI/ML","Project: Campus Smart Resource Portal. Desc: Centralized platform for equipment booking, library tracking, and hall scheduling. (Tech: React, Express.js, MongoDB, Node.js) | Project: Peer-to-Peer Notes Sharing Network. Desc: Decentralized file-sharing network for academic study materials. (Tech: Node.js, MongoDB, React)","Bio: Building sustainable and scalable solutions in Agritech. 3rd Year at NIT Trichy.. Branch: Information Technology. Year: 3rd Year. Skills: AWS, REST API, MySQL, Angular, Vue.js, Express.js, Python, Rapid Prototyping, Presentation. Interests: Agritech, Microelectronics, Generative AI, Digital Twins. Domains: IoT, Logistics, Web, AI/ML. Projects: Project: Campus Smart Resource Portal. Desc: Centralized platform for equipment booking, library tracking, and hall scheduling. (Tech: React, Express.js, MongoDB, Node.js) | Project: Peer-to-Peer Notes Sharing Network. Desc: Decentralized file-sharing network for academic study materials. (Tech: Node.js, MongoDB, React)",0,0,0,0,0,0,0,0,0,0,0,0,0,0,0,0,0,1,0,0,0,0,0,0,0,0,1,0,0,0,0,0,1
2434dd7a-db32-4b60-8025-8a694d181b79,8,5,4,0,0,3,0,9,117,34,59,77,"AWS, React, MongoDB, Angular, MySQL, Tailwind CSS, Team Leadership, Problem Solving","Supply Chain, Assistive Tech, Sustainable Materials, Blockchain, Autonomous Driving","FinTech, AI/ML, Civil, Aerospace",,"Bio: Interested in Supply Chain, Assistive Tech, and Sustainable Materials. Active hackathon builder.. Branch: Information Technology. Year: 1st Year. Skills: AWS, React, MongoDB, Angular, MySQL, Tailwind CSS, Team Leadership, Problem Solving. Interests: Supply Chain, Assistive Tech, Sustainable Materials, Blockchain, Autonomous Driving. Domains: FinTech, AI/ML, Civil, Aerospace. Projects:",0,0,0,0,0,0,0,0,0,0,0,0,0,0,0,0,0,1,0,0,0,0,0,0,1,0,0,0,1,0,0,0,0
c2340382-6c27-4270-9883-0b8b961fe8c0,5,4,2,2,7,4,0,25,394,35,64,93,"Python, Prompt Engineering, Tableau, R, Team Leadership","Wearable Tech, Healthcare, Cloud Computing, Bioinformatics","Civil, CleanTech","Project: Financial Fraud Detector. Desc: Real-time stream transaction anomaly classification using ensemble models. (Tech: Python, Scikit-Learn, SQL, Pandas) | Project: Automated Medical Image Classifier. Desc: Diagnostic assistant for chest X-ray abnormalities using deep convolutional nets. (Tech: Python, PyTorch, OpenCV, FastAPI)","Bio: Artificial Intelligence & Data Science student at SASTRA passionate about Wearable Tech and Healthcare.. Branch: Artificial Intelligence & Data Science. Year: 4th Year. Skills: Python, Prompt Engineering, Tableau, R, Team Leadership. Interests: Wearable Tech, Healthcare, Cloud Computing, Bioinformatics. Domains: Civil, CleanTech. Projects: Project: Financial Fraud Detector. Desc: Real-time stream transaction anomaly classification using ensemble models. (Tech: Python, Scikit-Learn, SQL, Pandas) | Project: Automated Medical Image Classifier. Desc: Diagnostic assistant for chest X-ray abnormalities using deep convolutional nets. (Tech: Python, PyTorch, OpenCV, FastAPI)",0,0,0,1,0,0,0,0,0,0,0,0,0,0,0,0,0,0,0,0,0,0,0,0,0,0,0,1,0,0,0,1,0
a9e6c11c-3ef9-49c5-89a2-63fe46ab235c,4,3,3,3,9,2,0,0,0,0,0,82,"Python, SQL, NLP, Problem Solving","High Performance Computing, Agritech, Web3","FinTech, IoT, AI/ML","Project: Financial Fraud Detector. Desc: Real-time stream transaction anomaly classification using ensemble models. (Tech: Python, Scikit-Learn, SQL, Pandas) | Project: Automated Medical Image Classifier. Desc: Diagnostic assistant for chest X-ray abnormalities using deep convolutional nets. (Tech: Python, PyTorch, OpenCV, FastAPI) | Project: Customer Churn Predictive Pipeline. Desc: End-to-end data pipeline feeding retention forecasters. (Tech: Python, Tableau, SQL, R)","Bio: Building sustainable and scalable solutions in High Performance Computing. 2nd Year at PSG Tech.. Branch: Artificial Intelligence & Data Science. Year: 2nd Year. Skills: Python, SQL, NLP, Problem Solving. Interests: High Performance Computing, Agritech, Web3. Domains: FinTech, IoT, AI/ML. Projects: Project: Financial Fraud Detector. Desc: Real-time stream transaction anomaly classification using ensemble models. (Tech: Python, Scikit-Learn, SQL, Pandas) | Project: Automated Medical Image Classifier. Desc: Diagnostic assistant for chest X-ray abnormalities using deep convolutional nets. (Tech: Python, PyTorch, OpenCV, FastAPI) | Project: Customer Churn Predictive Pipeline. Desc: End-to-end data pipeline feeding retention forecasters. (Tech: Python, Tableau, SQL, R)",0,0,0,1,0,0,0,0,0,0,0,0,0,0,0,0,0,0,0,0,0,0,0,0,0,1,0,0,0,1,0,0,0
e74cd5e6-4aad-460f-9ec1-a6eac48a4a58,12,5,4,3,9,2,0,0,0,0,0,89,"Scikit-Learn, R, Python, NLP, Pandas, OpenCV, Prompt Engineering, Tableau, PyTorch, TensorFlow, Team Leadership, Presentation","NLP, Social Impact, Embedded Systems, Logistics, Telemedicine","Product, Web, EV, Biotech","Project: Automated Medical Image Classifier. Desc: Diagnostic assistant for chest X-ray abnormalities using deep convolutional nets. (Tech: Python, PyTorch, OpenCV, FastAPI) | Project: Customer Churn Predictive Pipeline. Desc: End-to-end data pipeline feeding retention forecasters. (Tech: Python, Tableau, SQL, R) | Project: Financial Fraud Detector. Desc: Real-time stream transaction anomaly classification using ensemble models. (Tech: Python, Scikit-Learn, SQL, Pandas)","Bio: Interested in NLP, Social Impact, and Embedded Systems. Active hackathon builder.. Branch: Artificial Intelligence & Data Science. Year: 4th Year. Skills: Scikit-Learn, R, Python, NLP, Pandas, OpenCV, Prompt Engineering, Tableau, PyTorch, TensorFlow, Team Leadership, Presentation. Interests: NLP, Social Impact, Embedded Systems, Logistics, Telemedicine. Domains: Product, Web, EV, Biotech. Projects: Project: Automated Medical Image Classifier. Desc: Diagnostic assistant for chest X-ray abnormalities using deep convolutional nets. (Tech: Python, PyTorch, OpenCV, FastAPI) | Project: Customer Churn Predictive Pipeline. Desc: End-to-end data pipeline feeding retention forecasters. (Tech: Python, Tableau, SQL, R) | Project: Financial Fraud Detector. Desc: Real-time stream transaction anomaly classification using ensemble models. (Tech: Python, Scikit-Learn, SQL, Pandas)",0,0,0,1,0,0,0,0,0,0,0,0,0,0,0,0,0,0,0,0,0,0,0,0,0,0,0,1,0,1,0,0,0
88b163f6-0154-462a-85b1-8dccb2071ff2,9,6,4,2,8,0,0,0,0,0,0,98,"LlamaIndex, HuggingFace, LangChain, Python, CrewAI, RAG, Deep Learning, Problem Solving, Communication","Micro-Mobility, Supply Chain, Hydroponics, Machine Learning, ClimateTech, EdTech","Healthcare, AI/ML, Aerospace, EV","Project: Agentic Research Assistant. Desc: Autonomous multi-agent system summarizing research papers into structured graphs. (Tech: Python, LangChain, Agentic AI, RAG, CrewAI) | Project: Local Multi-Modal RAG Engine. Desc: Privacy-focused document Q&A runner using local quantized LLMs. (Tech: Python, LlamaIndex, Vector Embeddings, HuggingFace)","Bio: Artificial Intelligence & Machine Learning student at MIT Chennai passionate about Micro-Mobility and Supply Chain.. Branch: Artificial Intelligence & Machine Learning. Year: 3rd Year. Skills: LlamaIndex, HuggingFace, LangChain, Python, CrewAI, RAG, Deep Learning, Problem Solving, Communication. Interests: Micro-Mobility, Supply Chain, Hydroponics, Machine Learning, ClimateTech, EdTech. Domains: Healthcare, AI/ML, Aerospace, EV. Projects: Project: Agentic Research Assistant. Desc: Autonomous multi-agent system summarizing research papers into structured graphs. (Tech: Python, LangChain, Agentic AI, RAG, CrewAI) | Project: Local Multi-Modal RAG Engine. Desc: Privacy-focused document Q&A runner using local quantized LLMs. (Tech: Python, LlamaIndex, Vector Embeddings, HuggingFace)",0,0,0,0,1,0,0,0,0,0,0,0,0,0,0,0,0,0,0,0,0,0,0,0,0,0,1,0,0,0,0,0,1
f65e9bc5-57b3-4f96-ab99-5e425d46456e,5,3,4,3,11,2,0,0,0,0,0,96,"RAG, LlamaIndex, Agentic AI, TensorFlow, Team Leadership","DevOps, Satellite Communication, Assistive Tech","IoT, CleanTech, Cybersecurity, Civil","Project: Agentic Research Assistant. Desc: Autonomous multi-agent system summarizing research papers into structured graphs. (Tech: Python, LangChain, Agentic AI, RAG, CrewAI) | Project: Neural Code Refactoring Agent. Desc: Autonomous code cleanup tool using fine-tuned transformer architectures. (Tech: Python, PyTorch, Prompt Engineering, FastAPI) | Project: Local Multi-Modal RAG Engine. Desc: Privacy-focused document Q&A runner using local quantized LLMs. (Tech: Python, LlamaIndex, Vector Embeddings, HuggingFace)","Bio: Building sustainable and scalable solutions in DevOps. 1st Year at Kongu.. Branch: Artificial Intelligence & Machine Learning. Year: 1st Year. Skills: RAG, LlamaIndex, Agentic AI, TensorFlow, Team Leadership. Interests: DevOps, Satellite Communication, Assistive Tech. Domains: IoT, CleanTech, Cybersecurity, Civil. Projects: Project: Agentic Research Assistant. Desc: Autonomous multi-agent system summarizing research papers into structured graphs. (Tech: Python, LangChain, Agentic AI, RAG, CrewAI) | Project: Neural Code Refactoring Agent. Desc: Autonomous code cleanup tool using fine-tuned transformer architectures. (Tech: Python, PyTorch, Prompt Engineering, FastAPI) | Project: Local Multi-Modal RAG Engine. Desc: Privacy-focused document Q&A runner using local quantized LLMs. (Tech: Python, LlamaIndex, Vector Embeddings, HuggingFace)",0,0,0,0,1,0,0,0,0,0,0,0,0,0,0,0,0,0,0,0,0,0,0,0,1,0,0,0,0,0,0,0,1
68850a10-ff2d-4844-b456-e19c970488a0,8,4,4,3,11,5,0,0,0,0,0,83,"Agentic AI, RAG, LangChain, PyTorch, Vector Embeddings, TensorFlow, Communication, Ideation","Precision Agriculture, Drone Technology, IoT, Sustainability","Mechanical, Aerospace, Agritech, Robotics","Project: Neural Code Refactoring Agent. Desc: Autonomous code cleanup tool using fine-tuned transformer architectures. (Tech: Python, PyTorch, Prompt Engineering, FastAPI) | Project: Agentic Research Assistant. Desc: Autonomous multi-agent system summarizing research papers into structured graphs. (Tech: Python, LangChain, Agentic AI, RAG, CrewAI) | Project: Local Multi-Modal RAG Engine. Desc: Privacy-focused document Q&A runner using local quantized LLMs. (Tech: Python, LlamaIndex, Vector Embeddings, HuggingFace)","Bio: Interested in Precision Agriculture, Drone Technology, and IoT. Active hackathon builder.. Branch: Artificial Intelligence & Machine Learning. Year: 3rd Year. Skills: Agentic AI, RAG, LangChain, PyTorch, Vector Embeddings, TensorFlow, Communication, Ideation. Interests: Precision Agriculture, Drone Technology, IoT, Sustainability. Domains: Mechanical, Aerospace, Agritech, Robotics. Projects: Project: Neural Code Refactoring Agent. Desc: Autonomous code cleanup tool using fine-tuned transformer architectures. (Tech: Python, PyTorch, Prompt Engineering, FastAPI) | Project: Agentic Research Assistant. Desc: Autonomous multi-agent system summarizing research papers into structured graphs. (Tech: Python, LangChain, Agentic AI, RAG, CrewAI) | Project: Local Multi-Modal RAG Engine. Desc: Privacy-focused document Q&A runner using local quantized LLMs. (Tech: Python, LlamaIndex, Vector Embeddings, HuggingFace)",0,0,0,0,1,0,0,0,0,0,0,0,0,0,0,0,0,0,0,0,0,0,0,0,0,0,1,0,0,0,1,0,0
8b45903d-f859-457f-8517-b7b0cb85a48a,7,5,3,3,10,3,2,12,166,13,57,86,"STM32, ESP32, C++, Signal Processing, Verilog, Arduino, Communication","Wearable Tech, E-Commerce, Micro-Mobility, Electric Vehicles, Research","Civil, Cybersecurity, EV","Project: SDR Ground Station Decoder. Desc: Software defined radio receiver tracking weather satellites in orbit. (Tech: C++, MATLAB, Signal Processing, FPGA) | Project: LoRaWAN Mesh Weather Array. Desc: Long-range distributed environmental sensor node mesh for agriculture. (Tech: ESP32, Arduino, PCB Design, C++) | Project: Smart ECG Telemetry Patch. Desc: Low-power wearable biosensor broadcasting real-time arrhythmia warnings. (Tech: Embedded C, STM32, PCB Design, BLE)","Bio: Electronics & Communication Engineering student at Karunya passionate about Wearable Tech and E-Commerce.. Branch: Electronics & Communication Engineering. Year: 2nd Year. Skills: STM32, ESP32, C++, Signal Processing, Verilog, Arduino, Communication. Interests: Wearable Tech, E-Commerce, Micro-Mobility, Electric Vehicles, Research. Domains: Civil, Cybersecurity, EV. Projects: Project: SDR Ground Station Decoder. Desc: Software defined radio receiver tracking weather satellites in orbit. (Tech: C++, MATLAB, Signal Processing, FPGA) | Project: LoRaWAN Mesh Weather Array. Desc: Long-range distributed environmental sensor node mesh for agriculture. (Tech: ESP32, Arduino, PCB Design, C++) | Project: Smart ECG Telemetry Patch. Desc: Low-power wearable biosensor broadcasting real-time arrhythmia warnings. (Tech: Embedded C, STM32, PCB Design, BLE)",0,0,0,0,0,0,0,0,0,0,0,0,0,0,1,0,0,0,0,0,0,0,0,0,0,1,0,0,0,0,0,1,0
f1371c2b-d4f4-49e6-af42-977e4a370bf5,9,4,3,2,8,4,0,23,372,0,15,77,"Verilog, FPGA, VHDL, STM32, C++, ESP32, Arduino, Team Leadership, Communication","Green Building, Telemedicine, EdTech, Green Mobility","Robotics, Civil, Design","Project: Smart ECG Telemetry Patch. Desc: Low-power wearable biosensor broadcasting real-time arrhythmia warnings. (Tech: Embedded C, STM32, PCB Design, BLE) | Project: SDR Ground Station Decoder. Desc: Software defined radio receiver tracking weather satellites in orbit. (Tech: C++, MATLAB, Signal Processing, FPGA)","Bio: Building sustainable and scalable solutions in Green Building. 4th Year at KPR.. Branch: Electronics & Communication Engineering. Year: 4th Year. Skills: Verilog, FPGA, VHDL, STM32, C++, ESP32, Arduino, Team Leadership, Communication. Interests: Green Building, Telemedicine, EdTech, Green Mobility. Domains: Robotics, Civil, Design. Projects: Project: Smart ECG Telemetry Patch. Desc: Low-power wearable biosensor broadcasting real-time arrhythmia warnings. (Tech: Embedded C, STM32, PCB Design, BLE) | Project: SDR Ground Station Decoder. Desc: Software defined radio receiver tracking weather satellites in orbit. (Tech: C++, MATLAB, Signal Processing, FPGA)",0,0,0,0,0,0,0,0,0,0,0,0,0,0,1,0,0,0,0,0,0,0,0,0,0,0,0,1,0,0,1,0,0
26223b4e-f7fb-44af-b779-ee91d39509a7,12,6,4,3,10,1,0,25,129,4,55,96,"FPGA, Verilog, Signal Processing, STM32, Arduino, PCB Design, VHDL, ESP32, Simulink, MATLAB, Team Leadership, Rapid Prototyping","EdTech, DeepTech, Web3, BioTech, Satellite Communication, Autonomous Systems","EdTech, Healthcare, Product, FinTech","Project: LoRaWAN Mesh Weather Array. Desc: Long-range distributed environmental sensor node mesh for agriculture. (Tech: ESP32, Arduino, PCB Design, C++) | Project: SDR Ground Station Decoder. Desc: Software defined radio receiver tracking weather satellites in orbit. (Tech: C++, MATLAB, Signal Processing, FPGA) | Project: Smart ECG Telemetry Patch. Desc: Low-power wearable biosensor broadcasting real-time arrhythmia warnings. (Tech: Embedded C, STM32, PCB Design, BLE)","Bio: Interested in EdTech, DeepTech, and Web3. Active hackathon builder.. Branch: Electronics & Communication Engineering. Year: 2nd Year. Skills: FPGA, Verilog, Signal Processing, STM32, Arduino, PCB Design, VHDL, ESP32, Simulink, MATLAB, Team Leadership, Rapid Prototyping. Interests: EdTech, DeepTech, Web3, BioTech, Satellite Communication, Autonomous Systems. Domains: EdTech, Healthcare, Product, FinTech. Projects: Project: LoRaWAN Mesh Weather Array. Desc: Long-range distributed environmental sensor node mesh for agriculture. (Tech: ESP32, Arduino, PCB Design, C++) | Project: SDR Ground Station Decoder. Desc: Software defined radio receiver tracking weather satellites in orbit. (Tech: C++, MATLAB, Signal Processing, FPGA) | Project: Smart ECG Telemetry Patch. Desc: Low-power wearable biosensor broadcasting real-time arrhythmia warnings. (Tech: Embedded C, STM32, PCB Design, BLE)",0,0,0,0,0,0,0,0,0,0,0,0,0,0,1,0,0,0,0,0,0,0,0,0,0,1,0,0,0,0,0,0,1
3aa9e83f-9407-49dd-bb68-44e046573db9,4,4,3,3,8,5,1,0,0,0,0,91,"Proteus, Power Electronics, Control Systems, Presentation","Smart Infrastructure, Manufacturing, BioTech, Industry 4.0","Web, Civil, Agritech","Project: Microgrid Solar Power Inverter. Desc: Grid-tied inverter with maximum power point tracking and SCADA monitoring. (Tech: PLC, SCADA, Simulink, MATLAB) | Project: Industrial Automation Conveyor Guard. Desc: Safety Interlock and speed regulator for heavy material handling. (Tech: PLC, LabVIEW, Control Systems) | Project: EV Smart Charging Load Balancer. Desc: Dynamic load distribution controller preventing sub-station overloads. (Tech: Siemens TIA Portal, PLC, Power Electronics)","Bio: Electrical Engineering student at VIT passionate about Smart Infrastructure and Manufacturing.. Branch: Electrical Engineering. Year: 1st Year. Skills: Proteus, Power Electronics, Control Systems, Presentation. Interests: Smart Infrastructure, Manufacturing, BioTech, Industry 4.0. Domains: Web, Civil, Agritech. Projects: Project: Microgrid Solar Power Inverter. Desc: Grid-tied inverter with maximum power point tracking and SCADA monitoring. (Tech: PLC, SCADA, Simulink, MATLAB) | Project: Industrial Automation Conveyor Guard. Desc: Safety Interlock and speed regulator for heavy material handling. (Tech: PLC, LabVIEW, Control Systems) | Project: EV Smart Charging Load Balancer. Desc: Dynamic load distribution controller preventing sub-station overloads. (Tech: Siemens TIA Portal, PLC, Power Electronics)",0,0,0,0,0,0,0,0,0,0,0,0,0,1,0,0,0,0,0,0,0,0,0,0,1,0,0,0,0,0,0,1,0
e649d778-4f86-4007-9cb7-ebe51f531c66,7,6,3,3,8,6,1,3,338,9,32,78,"Control Systems, Siemens TIA Portal, PLC, MATLAB, LabVIEW, Team Leadership, Rapid Prototyping","MedTech, FinTech, Green Building, Generative AI, Embedded Systems, Blockchain","IoT, EdTech, AI/ML","Project: Industrial Automation Conveyor Guard. Desc: Safety Interlock and speed regulator for heavy material handling. (Tech: PLC, LabVIEW, Control Systems) | Project: Microgrid Solar Power Inverter. Desc: Grid-tied inverter with maximum power point tracking and SCADA monitoring. (Tech: PLC, SCADA, Simulink, MATLAB) | Project: EV Smart Charging Load Balancer. Desc: Dynamic load distribution controller preventing sub-station overloads. (Tech: Siemens TIA Portal, PLC, Power Electronics)","Bio: Building sustainable and scalable solutions in MedTech. 3rd Year at CIT.. Branch: Electrical Engineering. Year: 3rd Year. Skills: Control Systems, Siemens TIA Portal, PLC, MATLAB, LabVIEW, Team Leadership, Rapid Prototyping. Interests: MedTech, FinTech, Green Building, Generative AI, Embedded Systems, Blockchain. Domains: IoT, EdTech, AI/ML. Projects: Project: Industrial Automation Conveyor Guard. Desc: Safety Interlock and speed regulator for heavy material handling. (Tech: PLC, LabVIEW, Control Systems) | Project: Microgrid Solar Power Inverter. Desc: Grid-tied inverter with maximum power point tracking and SCADA monitoring. (Tech: PLC, SCADA, Simulink, MATLAB) | Project: EV Smart Charging Load Balancer. Desc: Dynamic load distribution controller preventing sub-station overloads. (Tech: Siemens TIA Portal, PLC, Power Electronics)",0,0,0,0,0,0,0,0,0,0,0,0,0,1,0,0,0,0,0,0,0,0,0,0,0,0,1,0,1,0,0,0,0
7f3eecd2-0620-4f87-83c0-3604e8bbeb96,6,4,4,0,0,5,0,23,194,0,55,98,"Siemens TIA Portal, MATLAB, SCADA, PLC, Ideation, Rapid Prototyping","Sustainability, Logistics, High Performance Computing, Renewable Energy","AI/ML, Aerospace, Mechanical, Agritech",,"Bio: Interested in Sustainability, Logistics, and High Performance Computing. Active hackathon builder.. Branch: Electrical Engineering. Year: 1st Year. Skills: Siemens TIA Portal, MATLAB, SCADA, PLC, Ideation, Rapid Prototyping. Interests: Sustainability, Logistics, High Performance Computing, Renewable Energy. Domains: AI/ML, Aerospace, Mechanical, Agritech. Projects:",0,0,0,0,0,0,0,0,0,0,0,0,0,1,0,0,0,0,0,0,0,0,0,0,1,0,0,0,0,0,0,1,0
2b9a90d7-2e2e-4096-b75d-70225b6167e0,7,5,4,3,11,1,0,9,201,16,45,93,"FEA, ANSYS, Thermodynamics, 3D Printing, Creo, Communication, Ideation","Digital Health, CleanTech, Sustainable Materials, Waste Management, Telemedicine","Civil, Agritech, Web, IoT","Project: Generative Drone Frame Assembly. Desc: Weight-minimized carbon composite arm joint created via generative CAD. (Tech: CATIA, Creo, GD&T) | Project: Autonomous Agricultural Rover Chassis. Desc: Lightweight FEA-optimized structural frame for field robotics. (Tech: SolidWorks, ANSYS, FEA, 3D Printing) | Project: EV Battery Thermal Management System. Desc: Liquid cooling plate design evaluated using computational fluid dynamics. (Tech: Fusion 360, CFD, Heat Transfer, Thermodynamics)","Bio: Mechanical Engineering student at Kumaraguru passionate about Digital Health and CleanTech.. Branch: Mechanical Engineering. Year: 4th Year. Skills: FEA, ANSYS, Thermodynamics, 3D Printing, Creo, Communication, Ideation. Interests: Digital Health, CleanTech, Sustainable Materials, Waste Management, Telemedicine. Domains: Civil, Agritech, Web, IoT. Projects: Project: Generative Drone Frame Assembly. Desc: Weight-minimized carbon composite arm joint created via generative CAD. (Tech: CATIA, Creo, GD&T) | Project: Autonomous Agricultural Rover Chassis. Desc: Lightweight FEA-optimized structural frame for field robotics. (Tech: SolidWorks, ANSYS, FEA, 3D Printing) | Project: EV Battery Thermal Management System. Desc: Liquid cooling plate design evaluated using computational fluid dynamics. (Tech: Fusion 360, CFD, Heat Transfer, Thermodynamics)",0,0,0,0,0,0,0,0,0,0,0,0,0,0,0,0,0,0,0,0,0,1,0,0,0,0,0,1,1,0,0,0,0
04988768-5f3f-4001-b1e2-cccf6434f729,7,5,4,1,3,6,1,11,138,7,26,75,"3D Printing, Thermodynamics, CFD, SolidWorks, FEA, CATIA, Rapid Prototyping","Green Building, Micro-Mobility, Avionics, Renewable Grid, Supply Chain","Logistics, Agritech, Aerospace, Design","Project: Generative Drone Frame Assembly. Desc: Weight-minimized carbon composite arm joint created via generative CAD. (Tech: CATIA, Creo, GD&T)","Bio: Building sustainable and scalable solutions in Green Building. 2nd Year at Amrita.. Branch: Mechanical Engineering. Year: 2nd Year. Skills: 3D Printing, Thermodynamics, CFD, SolidWorks, FEA, CATIA, Rapid Prototyping. Interests: Green Building, Micro-Mobility, Avionics, Renewable Grid, Supply Chain. Domains: Logistics, Agritech, Aerospace, Design. Projects: Project: Generative Drone Frame Assembly. Desc: Weight-minimized carbon composite arm joint created via generative CAD. (Tech: CATIA, Creo, GD&T)",0,0,0,0,0,0,0,0,0,0,0,0,0,0,0,0,0,0,0,0,0,1,0,0,0,1,0,0,0,0,0,1,0
44011eff-1033-4636-b423-249db19d35c4,8,4,3,1,4,1,1,18,265,28,45,96,"CFD, FEA, ANSYS, Fusion 360, CNC Programming, 3D Printing, CATIA, Presentation","Quantum Computing, Cybersecurity, Blockchain, Micro-Mobility","Healthcare, Design, FinTech","Project: EV Battery Thermal Management System. Desc: Liquid cooling plate design evaluated using computational fluid dynamics. (Tech: Fusion 360, CFD, Heat Transfer, Thermodynamics)","Bio: Interested in Quantum Computing, Cybersecurity, and Blockchain. Active hackathon builder.. Branch: Mechanical Engineering. Year: 4th Year. Skills: CFD, FEA, ANSYS, Fusion 360, CNC Programming, 3D Printing, CATIA, Presentation. Interests: Quantum Computing, Cybersecurity, Blockchain, Micro-Mobility. Domains: Healthcare, Design, FinTech. Projects: Project: EV Battery Thermal Management System. Desc: Liquid cooling plate design evaluated using computational fluid dynamics. (Tech: Fusion 360, CFD, Heat Transfer, Thermodynamics)",0,0,0,0,0,0,0,0,0,0,0,0,0,0,0,0,0,0,0,0,0,1,0,0,0,0,0,1,1,0,0,0,0
0e5fe7e2-af95-46e2-bf8f-a08bcb198d14,6,6,3,2,6,1,0,4,332,6,28,75,"Hydrology, STAAD Pro, SAP2000, ETABS, Problem Solving, Team Leadership","Synthetic Biology, High Performance Computing, Smart Grids, Manufacturing, Geo-Tech, Bioinformatics","Biotech, EV, Mechanical","Project: Sustainable Campus Stormwater Network. Desc: Hydrological runoff model and underground retention reservoir plan. (Tech: AutoCAD Civil 3D, GIS, Hydrology) | Project: Seismic Resilient High-Rise Frame. Desc: 30-story structural concrete core modeled under dynamic earthquake loading. (Tech: ETABS, STAAD Pro, Structural Analysis)","Bio: Civil Engineering student at VIT passionate about Synthetic Biology and High Performance Computing.. Branch: Civil Engineering. Year: 3rd Year. Skills: Hydrology, STAAD Pro, SAP2000, ETABS, Problem Solving, Team Leadership. Interests: Synthetic Biology, High Performance Computing, Smart Grids, Manufacturing, Geo-Tech, Bioinformatics. Domains: Biotech, EV, Mechanical. Projects: Project: Sustainable Campus Stormwater Network. Desc: Hydrological runoff model and underground retention reservoir plan. (Tech: AutoCAD Civil 3D, GIS, Hydrology) | Project: Seismic Resilient High-Rise Frame. Desc: 30-story structural concrete core modeled under dynamic earthquake loading. (Tech: ETABS, STAAD Pro, Structural Analysis)",0,0,0,0,0,0,0,0,0,1,0,0,0,0,0,0,0,0,0,0,0,0,0,0,0,0,1,0,1,0,0,0,0
8e6faa10-2480-4c61-97e1-c320efa565fd,5,3,4,0,0,4,0,11,443,9,11,93,"Structural Analysis, BIM (Building Information Modeling), GIS, Problem Solving, Team Leadership","Automation, Drone Technology, VLSI","Robotics, Mechanical, FinTech, CleanTech",,"Bio: Building sustainable and scalable solutions in Automation. 1st Year at CIT.. Branch: Civil Engineering. Year: 1st Year. Skills: Structural Analysis, BIM (Building Information Modeling), GIS, Problem Solving, Team Leadership. Interests: Automation, Drone Technology, VLSI. Domains: Robotics, Mechanical, FinTech, CleanTech. Projects:",0,0,0,0,0,0,0,0,0,1,0,0,0,0,0,0,0,0,0,0,0,0,0,0,1,0,0,0,0,0,0,0,1
261a2b64-84c8-4f62-aab8-f89183729d9f,6,5,4,3,9,3,1,23,246,17,25,83,"BIM (Building Information Modeling), AutoCAD Civil 3D, Structural Analysis, SAP2000, Rapid Prototyping, Problem Solving","Synthetic Biology, MedTech, Robotics, SpaceTech, Automation","Web, CleanTech, AI/ML, Civil","Project: Prefabricated Modular Housing BIM Model. Desc: Fully parametric building information model for rapid disaster shelter deployment. (Tech: Revit, BIM (Building Information Modeling), SAP2000) | Project: Sustainable Campus Stormwater Network. Desc: Hydrological runoff model and underground retention reservoir plan. (Tech: AutoCAD Civil 3D, GIS, Hydrology) | Project: Seismic Resilient High-Rise Frame. Desc: 30-story structural concrete core modeled under dynamic earthquake loading. (Tech: ETABS, STAAD Pro, Structural Analysis)","Bio: Interested in Synthetic Biology, MedTech, and Robotics. Active hackathon builder.. Branch: Civil Engineering. Year: 3rd Year. Skills: BIM (Building Information Modeling), AutoCAD Civil 3D, Structural Analysis, SAP2000, Rapid Prototyping, Problem Solving. Interests: Synthetic Biology, MedTech, Robotics, SpaceTech, Automation. Domains: Web, CleanTech, AI/ML, Civil. Projects: Project: Prefabricated Modular Housing BIM Model. Desc: Fully parametric building information model for rapid disaster shelter deployment. (Tech: Revit, BIM (Building Information Modeling), SAP2000) | Project: Sustainable Campus Stormwater Network. Desc: Hydrological runoff model and underground retention reservoir plan. (Tech: AutoCAD Civil 3D, GIS, Hydrology) | Project: Seismic Resilient High-Rise Frame. Desc: 30-story structural concrete core modeled under dynamic earthquake loading. (Tech: ETABS, STAAD Pro, Structural Analysis)",0,0,0,0,0,0,0,0,0,1,0,0,0,0,0,0,0,0,0,0,0,0,0,0,0,0,1,0,1,0,0,0,0
31af78ed-9dda-4632-a904-96cb721a1963,7,3,4,2,7,3,0,22,407,31,58,98,"SolidWorks, Embedded C, MATLAB, PLC, Automation, Ideation, Problem Solving","Wearable Tech, Hydrology, Artificial Intelligence","Logistics, Biotech, Mechanical, Web","Project: Quadruped Bio-Inspired Leg Actuator. Desc: Custom torque-dense actuator module built for mobile legged platforms. (Tech: Embedded C, MATLAB, SolidWorks, PCB Design) | Project: Autonomous Sorting Robotic Arm. Desc: 5-DOF robotic manipulator sorting warehouse items via computer vision. (Tech: ROS2, Arduino, SolidWorks, OpenCV)","Bio: Mechatronics student at MIT Chennai passionate about Wearable Tech and Hydrology.. Branch: Mechatronics. Year: 2nd Year. Skills: SolidWorks, Embedded C, MATLAB, PLC, Automation, Ideation, Problem Solving. Interests: Wearable Tech, Hydrology, Artificial Intelligence. Domains: Logistics, Biotech, Mechanical, Web. Projects: Project: Quadruped Bio-Inspired Leg Actuator. Desc: Custom torque-dense actuator module built for mobile legged platforms. (Tech: Embedded C, MATLAB, SolidWorks, PCB Design) | Project: Autonomous Sorting Robotic Arm. Desc: 5-DOF robotic manipulator sorting warehouse items via computer vision. (Tech: ROS2, Arduino, SolidWorks, OpenCV)",0,0,0,0,0,0,0,0,0,0,0,0,0,0,0,0,0,0,0,0,0,0,1,0,0,1,0,0,0,0,1,0,0
d0813615-73e8-428e-a989-f63bf8f97a8d,4,3,2,3,10,3,0,0,0,0,0,87,"Automation, Sensors, Raspberry Pi, Presentation","Manufacturing, ClimateTech, Sustainable Materials","Healthcare, Design","Project: Quadruped Bio-Inspired Leg Actuator. Desc: Custom torque-dense actuator module built for mobile legged platforms. (Tech: Embedded C, MATLAB, SolidWorks, PCB Design) | Project: Automated CNC Tool Ingestion Loader. Desc: Pneumatic pick-and-place gantry with encoder feedback. (Tech: PLC, Mechatronics Design, Sensors) | Project: Autonomous Sorting Robotic Arm. Desc: 5-DOF robotic manipulator sorting warehouse items via computer vision. (Tech: ROS2, Arduino, SolidWorks, OpenCV)","Bio: Building sustainable and scalable solutions in Manufacturing. 4th Year at Amrita.. Branch: Mechatronics. Year: 4th Year. Skills: Automation, Sensors, Raspberry Pi, Presentation. Interests: Manufacturing, ClimateTech, Sustainable Materials. Domains: Healthcare, Design. Projects: Project: Quadruped Bio-Inspired Leg Actuator. Desc: Custom torque-dense actuator module built for mobile legged platforms. (Tech: Embedded C, MATLAB, SolidWorks, PCB Design) | Project: Automated CNC Tool Ingestion Loader. Desc: Pneumatic pick-and-place gantry with encoder feedback. (Tech: PLC, Mechatronics Design, Sensors) | Project: Autonomous Sorting Robotic Arm. Desc: 5-DOF robotic manipulator sorting warehouse items via computer vision. (Tech: ROS2, Arduino, SolidWorks, OpenCV)",0,0,0,0,0,0,0,0,0,0,0,0,0,0,0,0,0,0,0,0,0,0,1,0,0,0,0,1,0,0,1,0,0
ce5c719e-0eba-4ee2-9b14-0345a49fc6d3,12,6,3,3,10,3,2,13,71,28,14,72,"Arduino, ROS2, PLC, Embedded C, Automation, Simulink, MATLAB, ROS, Sensors, SolidWorks, Raspberry Pi, Rapid Prototyping","Automation, Assistive Tech, Cybersecurity, Autonomous Systems, Green Building, Bioinformatics","Healthcare, Design, AI/ML","Project: Autonomous Sorting Robotic Arm. Desc: 5-DOF robotic manipulator sorting warehouse items via computer vision. (Tech: ROS2, Arduino, SolidWorks, OpenCV) | Project: Automated CNC Tool Ingestion Loader. Desc: Pneumatic pick-and-place gantry with encoder feedback. (Tech: PLC, Mechatronics Design, Sensors) | Project: Quadruped Bio-Inspired Leg Actuator. Desc: Custom torque-dense actuator module built for mobile legged platforms. (Tech: Embedded C, MATLAB, SolidWorks, PCB Design)","Bio: Interested in Automation, Assistive Tech, and Cybersecurity. Active hackathon builder.. Branch: Mechatronics. Year: 2nd Year. Skills: Arduino, ROS2, PLC, Embedded C, Automation, Simulink, MATLAB, ROS, Sensors, SolidWorks, Raspberry Pi, Rapid Prototyping. Interests: Automation, Assistive Tech, Cybersecurity, Autonomous Systems, Green Building, Bioinformatics. Domains: Healthcare, Design, AI/ML. Projects: Project: Autonomous Sorting Robotic Arm. Desc: 5-DOF robotic manipulator sorting warehouse items via computer vision. (Tech: ROS2, Arduino, SolidWorks, OpenCV) | Project: Automated CNC Tool Ingestion Loader. Desc: Pneumatic pick-and-place gantry with encoder feedback. (Tech: PLC, Mechatronics Design, Sensors) | Project: Quadruped Bio-Inspired Leg Actuator. Desc: Custom torque-dense actuator module built for mobile legged platforms. (Tech: Embedded C, MATLAB, SolidWorks, PCB Design)",0,0,0,0,0,0,0,0,0,0,0,0,0,0,0,0,0,0,0,0,0,0,1,0,0,1,0,0,0,0,0,0,1
c04f993f-4455-4dc5-80f8-c549868d0354,10,3,2,0,0,3,2,14,240,9,33,75,"Motion Planning, ROS2, OpenCV, SLAM, Gazebo, Autonomous Navigation, Python, ROS, Robotics Kinematics, Team Leadership","Social Impact, Cloud Computing, Logistics","AI/ML, Agritech",,"Bio: Robotics student at Anna University passionate about Social Impact and Cloud Computing.. Branch: Robotics. Year: 1st Year. Skills: Motion Planning, ROS2, OpenCV, SLAM, Gazebo, Autonomous Navigation, Python, ROS, Robotics Kinematics, Team Leadership. Interests: Social Impact, Cloud Computing, Logistics. Domains: AI/ML, Agritech. Projects:",0,0,0,0,0,0,0,0,0,0,0,0,0,0,0,0,0,0,0,0,0,0,0,1,1,0,0,0,0,1,0,0,0
cd66922d-c11d-445c-8359-6d83c64885f1,10,5,2,3,10,4,0,21,203,36,39,97,"Sensor Fusion, Python, Robotics Kinematics, Gazebo, ROS2, Motion Planning, Autonomous Navigation, OpenCV, SLAM, Rapid Prototyping","Remote Sensing, Supply Chain, MedTech, Green Mobility, Logistics","Civil, Design","Project: Autonomous Warehouse AM Rover. Desc: Differential drive robot executing SLAM mapping and dynamic obstacle avoidance. (Tech: ROS, ROS2, Gazebo, Python, SLAM) | Project: Visual Inertial Drone Odometry. Desc: Monocular camera and IMU sensor fusion suite for GPS-denied environments. (Tech: C++, OpenCV, Autonomous Navigation, Sensor Fusion) | Project: Subterranean Inspection Crawler. Desc: Rugged tracked platform exploring hazardous pipes autonomously. (Tech: ROS2, Motion Planning, Gazebo)","Bio: Building sustainable and scalable solutions in Remote Sensing. 3rd Year at CIT.. Branch: Robotics. Year: 3rd Year. Skills: Sensor Fusion, Python, Robotics Kinematics, Gazebo, ROS2, Motion Planning, Autonomous Navigation, OpenCV, SLAM, Rapid Prototyping. Interests: Remote Sensing, Supply Chain, MedTech, Green Mobility, Logistics. Domains: Civil, Design. Projects: Project: Autonomous Warehouse AM Rover. Desc: Differential drive robot executing SLAM mapping and dynamic obstacle avoidance. (Tech: ROS, ROS2, Gazebo, Python, SLAM) | Project: Visual Inertial Drone Odometry. Desc: Monocular camera and IMU sensor fusion suite for GPS-denied environments. (Tech: C++, OpenCV, Autonomous Navigation, Sensor Fusion) | Project: Subterranean Inspection Crawler. Desc: Rugged tracked platform exploring hazardous pipes autonomously. (Tech: ROS2, Motion Planning, Gazebo)",0,0,0,0,0,0,0,0,0,0,0,0,0,0,0,0,0,0,0,0,0,0,0,1,0,0,1,0,0,0,0,1,0
8adc503c-cbb2-41a7-bd6f-2bcec950aea0,11,6,3,3,10,1,1,19,276,17,23,74,"C++, Python, OpenCV, Sensor Fusion, Autonomous Navigation, ROS2, Motion Planning, Gazebo, Robotics Kinematics, ROS, Communication","IoT, Precision Agriculture, Nanotechnology, Electric Vehicles, SpaceTech, E-Commerce","Mechanical, Cybersecurity, Robotics","Project: Visual Inertial Drone Odometry. Desc: Monocular camera and IMU sensor fusion suite for GPS-denied environments. (Tech: C++, OpenCV, Autonomous Navigation, Sensor Fusion) | Project: Subterranean Inspection Crawler. Desc: Rugged tracked platform exploring hazardous pipes autonomously. (Tech: ROS2, Motion Planning, Gazebo) | Project: Autonomous Warehouse AM Rover. Desc: Differential drive robot executing SLAM mapping and dynamic obstacle avoidance. (Tech: ROS, ROS2, Gazebo, Python, SLAM)","Bio: Interested in IoT, Precision Agriculture, and Nanotechnology. Active hackathon builder.. Branch: Robotics. Year: 1st Year. Skills: C++, Python, OpenCV, Sensor Fusion, Autonomous Navigation, ROS2, Motion Planning, Gazebo, Robotics Kinematics, ROS, Communication. Interests: IoT, Precision Agriculture, Nanotechnology, Electric Vehicles, SpaceTech, E-Commerce. Domains: Mechanical, Cybersecurity, Robotics. Projects: Project: Visual Inertial Drone Odometry. Desc: Monocular camera and IMU sensor fusion suite for GPS-denied environments. (Tech: C++, OpenCV, Autonomous Navigation, Sensor Fusion) | Project: Subterranean Inspection Crawler. Desc: Rugged tracked platform exploring hazardous pipes autonomously. (Tech: ROS2, Motion Planning, Gazebo) | Project: Autonomous Warehouse AM Rover. Desc: Differential drive robot executing SLAM mapping and dynamic obstacle avoidance. (Tech: ROS, ROS2, Gazebo, Python, SLAM)",0,0,0,0,0,0,0,0,0,0,0,0,0,0,0,0,0,0,0,0,0,0,0,1,1,0,0,0,0,0,0,1,0
d3ced1b7-92b3-466b-92fa-4d0f7d7ebdfa,10,5,3,2,7,5,0,12,272,7,14,100,"ANSYS, Battery Management, SolidWorks, CATIA, Electric Drive Systems, CFD, MATLAB, AutoCAD, Ideation, Rapid Prototyping","Telemedicine, Manufacturing, GIS Mapping, Agritech, Remote Sensing","EV, Mechanical, FinTech","Project: Active Aerodynamic Wing Actuator. Desc: Speed-sensitive rear wing controller lowering high-speed drag. (Tech: ANSYS, CFD, CAN Bus, Arduino) | Project: Regenerative Braking Power Recuperator. Desc: KERS energy recovery simulation for urban electric buses. (Tech: MATLAB, Simulink, Battery Management)","Bio: Automobile Engineering student at VIT passionate about Telemedicine and Manufacturing.. Branch: Automobile Engineering. Year: 4th Year. Skills: ANSYS, Battery Management, SolidWorks, CATIA, Electric Drive Systems, CFD, MATLAB, AutoCAD, Ideation, Rapid Prototyping. Interests: Telemedicine, Manufacturing, GIS Mapping, Agritech, Remote Sensing. Domains: EV, Mechanical, FinTech. Projects: Project: Active Aerodynamic Wing Actuator. Desc: Speed-sensitive rear wing controller lowering high-speed drag. (Tech: ANSYS, CFD, CAN Bus, Arduino) | Project: Regenerative Braking Power Recuperator. Desc: KERS energy recovery simulation for urban electric buses. (Tech: MATLAB, Simulink, Battery Management)",0,0,0,0,0,1,0,0,0,0,0,0,0,0,0,0,0,0,0,0,0,0,0,0,0,0,0,1,0,0,0,1,0
c4b5cf54-8f46-49df-b8f1-81ee738e55e4,7,4,4,1,4,1,0,5,359,13,78,95,"Battery Management, ANSYS, CFD, Electric Drive Systems, MATLAB, Problem Solving, Presentation","Nanotechnology, Defence, Edge Computing, Embedded Systems","Aerospace, AI/ML, Civil, Healthcare","Project: Active Aerodynamic Wing Actuator. Desc: Speed-sensitive rear wing controller lowering high-speed drag. (Tech: ANSYS, CFD, CAN Bus, Arduino)","Bio: Building sustainable and scalable solutions in Nanotechnology. 2nd Year at NIT Trichy.. Branch: Automobile Engineering. Year: 2nd Year. Skills: Battery Management, ANSYS, CFD, Electric Drive Systems, MATLAB, Problem Solving, Presentation. Interests: Nanotechnology, Defence, Edge Computing, Embedded Systems. Domains: Aerospace, AI/ML, Civil, Healthcare. Projects: Project: Active Aerodynamic Wing Actuator. Desc: Speed-sensitive rear wing controller lowering high-speed drag. (Tech: ANSYS, CFD, CAN Bus, Arduino)",0,0,0,0,0,1,0,0,0,0,0,0,0,0,0,0,0,0,0,0,0,0,0,0,0,1,0,0,1,0,0,0,0
5b3a219d-f774-40a3-8e53-cefbbd95c1b7,7,5,2,2,8,5,0,0,0,0,0,83,"AutoCAD, MATLAB, Vehicle Dynamics, CATIA, ANSYS, Electric Drive Systems, Presentation","DevOps, ClimateTech, Agentic Systems, Robotics, Electric Vehicles","Aerospace, IoT","Project: Active Aerodynamic Wing Actuator. Desc: Speed-sensitive rear wing controller lowering high-speed drag. (Tech: ANSYS, CFD, CAN Bus, Arduino) | Project: Sub-Compact EV Drivetrain Model. Desc: Single-speed reduction gearbox and electric motor matching calculation. (Tech: CATIA, MATLAB, Vehicle Dynamics, SolidWorks)","Bio: Interested in DevOps, ClimateTech, and Agentic Systems. Active hackathon builder.. Branch: Automobile Engineering. Year: 4th Year. Skills: AutoCAD, MATLAB, Vehicle Dynamics, CATIA, ANSYS, Electric Drive Systems, Presentation. Interests: DevOps, ClimateTech, Agentic Systems, Robotics, Electric Vehicles. Domains: Aerospace, IoT. Projects: Project: Active Aerodynamic Wing Actuator. Desc: Speed-sensitive rear wing controller lowering high-speed drag. (Tech: ANSYS, CFD, CAN Bus, Arduino) | Project: Sub-Compact EV Drivetrain Model. Desc: Single-speed reduction gearbox and electric motor matching calculation. (Tech: CATIA, MATLAB, Vehicle Dynamics, SolidWorks)",0,0,0,0,0,1,0,0,0,0,0,0,0,0,0,0,0,0,0,0,0,0,0,0,0,0,0,1,0,0,1,0,0
7e41e4a1-e1f5-4811-b5ee-7d004b7f594a,7,5,3,1,3,2,1,0,0,0,0,72,"Thermodynamics, Polymer Chemistry, Fluid Mechanics, Chemical Reaction Engineering, ASPEN Plus, MATLAB, Ideation","Green Mobility, GIS Mapping, Robotics, Healthcare, Battery Tech","Mechanical, FinTech, Design","Project: Industrial Effluent Membrane Filtration. Desc: Reverse osmosis wastewater treatment plant for textile dyes. (Tech: Chemical Reaction Engineering, Heat Transfer, MATLAB)","Bio: Chemical Engineering student at GCT passionate about Green Mobility and GIS Mapping.. Branch: Chemical Engineering. Year: 3rd Year. Skills: Thermodynamics, Polymer Chemistry, Fluid Mechanics, Chemical Reaction Engineering, ASPEN Plus, MATLAB, Ideation. Interests: Green Mobility, GIS Mapping, Robotics, Healthcare, Battery Tech. Domains: Mechanical, FinTech, Design. Projects: Project: Industrial Effluent Membrane Filtration. Desc: Reverse osmosis wastewater treatment plant for textile dyes. (Tech: Chemical Reaction Engineering, Heat Transfer, MATLAB)",0,0,0,0,0,0,0,0,1,0,0,0,0,0,0,0,0,0,0,0,0,0,0,0,0,0,1,0,0,0,1,0,0
42564104-e8ad-4e44-b9ff-89862dfd35d2,9,5,3,0,0,4,2,5,66,5,13,95,"Process Engineering, Heat Transfer, Chemical Reaction Engineering, Thermodynamics, Fluid Mechanics, MATLAB, Polymer Chemistry, ASPEN Plus, Communication","Green Mobility, Wearable Tech, Urban Planning, Defence, Autonomous Systems","Agritech, CleanTech, Aerospace",,"Bio: Building sustainable and scalable solutions in Green Mobility. 1st Year at Anna University.. Branch: Chemical Engineering. Year: 1st Year. Skills: Process Engineering, Heat Transfer, Chemical Reaction Engineering, Thermodynamics, Fluid Mechanics, MATLAB, Polymer Chemistry, ASPEN Plus, Communication. Interests: Green Mobility, Wearable Tech, Urban Planning, Defence, Autonomous Systems. Domains: Agritech, CleanTech, Aerospace. Projects:",0,0,0,0,0,0,0,0,1,0,0,0,0,0,0,0,0,0,0,0,0,0,0,0,1,0,0,0,0,0,0,1,0
78ae885f-c435-4649-9c08-d501a77bc648,8,4,3,1,2,7,2,28,239,35,80,78,"Process Engineering, Thermodynamics, ASPEN Plus, Heat Transfer, Fluid Mechanics, Chemical Reaction Engineering, MATLAB, Presentation","Agentic Systems, Battery Tech, Manufacturing, Sustainability","Logistics, Aerospace, FinTech","Project: Green Hydrogen Electrolyzer Array. Desc: Proton exchange membrane stack layout and heat exchange unit. (Tech: Thermodynamics, Process Engineering)","Bio: Interested in Agentic Systems, Battery Tech, and Manufacturing. Active hackathon builder.. Branch: Chemical Engineering. Year: 3rd Year. Skills: Process Engineering, Thermodynamics, ASPEN Plus, Heat Transfer, Fluid Mechanics, Chemical Reaction Engineering, MATLAB, Presentation. Interests: Agentic Systems, Battery Tech, Manufacturing, Sustainability. Domains: Logistics, Aerospace, FinTech. Projects: Project: Green Hydrogen Electrolyzer Array. Desc: Proton exchange membrane stack layout and heat exchange unit. (Tech: Thermodynamics, Process Engineering)",0,0,0,0,0,0,0,0,1,0,0,0,0,0,0,0,0,0,0,0,0,0,0,0,0,0,1,0,0,0,1,0,0
277d73e1-a781-4bdf-a6f2-d6c53560bc03,9,6,4,1,3,6,1,0,0,0,0,83,"Bioprocess Engineering, CRISPR, Bioinformatics, Python, R, Microbiology, Molecular Biology, Genomics, Team Leadership","Green Mobility, Microelectronics, NLP, Edge Computing, Smart Agriculture, Cyber Defence","EdTech, AI/ML, Healthcare, Logistics","Project: Microbial Fuel Cell Yield Monitor. Desc: Sensory rig tracking bio-electricity output from wastewater bacteria. (Tech: Microbiology, Bioprocess Engineering, Data Analysis)","Bio: Biotechnology student at KPR passionate about Green Mobility and Microelectronics.. Branch: Biotechnology. Year: 2nd Year. Skills: Bioprocess Engineering, CRISPR, Bioinformatics, Python, R, Microbiology, Molecular Biology, Genomics, Team Leadership. Interests: Green Mobility, Microelectronics, NLP, Edge Computing, Smart Agriculture, Cyber Defence. Domains: EdTech, AI/ML, Healthcare, Logistics. Projects: Project: Microbial Fuel Cell Yield Monitor. Desc: Sensory rig tracking bio-electricity output from wastewater bacteria. (Tech: Microbiology, Bioprocess Engineering, Data Analysis)",0,0,0,0,0,0,0,1,0,0,0,0,0,0,0,0,0,0,0,0,0,0,0,0,0,1,0,0,0,1,0,0,0
6ccd1f6a-9887-4159-94ae-a8daf672d1a8,8,6,2,3,9,3,0,18,402,27,24,97,"Bioprocess Engineering, Genomics, Molecular Biology, Microbiology, Python, Bioinformatics, Problem Solving, Presentation","High Performance Computing, Healthcare, Artificial Intelligence, Entrepreneurship, Logistics, Smart Cities","CleanTech, EV","Project: Recombinant Protein Expression Assay. Desc: High-efficiency bacterial culture protocol for therapeutic enzymes. (Tech: Molecular Biology, CRISPR) | Project: CRISPR Off-Target Predictive Tool. Desc: Bioinformatics sequence parser identifying non-specific gene edits. (Tech: Python, Bioinformatics, Genomics, R) | Project: Microbial Fuel Cell Yield Monitor. Desc: Sensory rig tracking bio-electricity output from wastewater bacteria. (Tech: Microbiology, Bioprocess Engineering, Data Analysis)","Bio: Building sustainable and scalable solutions in High Performance Computing. 4th Year at BITS Pilani.. Branch: Biotechnology. Year: 4th Year. Skills: Bioprocess Engineering, Genomics, Molecular Biology, Microbiology, Python, Bioinformatics, Problem Solving, Presentation. Interests: High Performance Computing, Healthcare, Artificial Intelligence, Entrepreneurship, Logistics, Smart Cities. Domains: CleanTech, EV. Projects: Project: Recombinant Protein Expression Assay. Desc: High-efficiency bacterial culture protocol for therapeutic enzymes. (Tech: Molecular Biology, CRISPR) | Project: CRISPR Off-Target Predictive Tool. Desc: Bioinformatics sequence parser identifying non-specific gene edits. (Tech: Python, Bioinformatics, Genomics, R) | Project: Microbial Fuel Cell Yield Monitor. Desc: Sensory rig tracking bio-electricity output from wastewater bacteria. (Tech: Microbiology, Bioprocess Engineering, Data Analysis)",0,0,0,0,0,0,0,1,0,0,0,0,0,0,0,0,0,0,0,0,0,0,0,0,0,0,0,1,1,0,0,0,0
fcccb7c6-a8a4-4e69-9db9-8f40d2b5cea2,8,6,3,1,2,2,1,10,190,10,11,98,"R, CRISPR, Bioprocess Engineering, Genomics, Molecular Biology, Data Analysis, Presentation, Problem Solving","Nanotechnology, SpaceTech, Industry 4.0, Sustainability, CleanTech, Digital Twins","Product, EdTech, Civil","Project: Recombinant Protein Expression Assay. Desc: High-efficiency bacterial culture protocol for therapeutic enzymes. (Tech: Molecular Biology, CRISPR)","Bio: Interested in Nanotechnology, SpaceTech, and Industry 4.0. Active hackathon builder.. Branch: Biotechnology. Year: 2nd Year. Skills: R, CRISPR, Bioprocess Engineering, Genomics, Molecular Biology, Data Analysis, Presentation, Problem Solving. Interests: Nanotechnology, SpaceTech, Industry 4.0, Sustainability, CleanTech, Digital Twins. Domains: Product, EdTech, Civil. Projects: Project: Recombinant Protein Expression Assay. Desc: High-efficiency bacterial culture protocol for therapeutic enzymes. (Tech: Molecular Biology, CRISPR)",0,0,0,0,0,0,0,1,0,0,0,0,0,0,0,0,0,0,0,0,0,0,0,0,0,1,0,0,0,0,1,0,0
40627c66-b187-405d-94af-8fafe9314606,5,4,4,0,0,1,1,17,343,19,37,79,"LabVIEW, Sensor Design, Biomedical Instrumentation, Signal Processing, Ideation","VLSI, Disaster Tech, Sustainable Materials, Waste Management","Biotech, Agritech, Product, EdTech",,"Bio: Biomedical Engineering student at SSN passionate about VLSI and Disaster Tech.. Branch: Biomedical Engineering. Year: 1st Year. Skills: LabVIEW, Sensor Design, Biomedical Instrumentation, Signal Processing, Ideation. Interests: VLSI, Disaster Tech, Sustainable Materials, Waste Management. Domains: Biotech, Agritech, Product, EdTech. Projects:",0,0,0,0,0,0,1,0,0,0,0,0,0,0,0,0,0,0,0,0,0,0,0,0,1,0,0,0,0,0,0,0,1
77a759a7-7170-48ba-bd51-11b2aced5eeb,4,6,2,3,8,6,1,0,0,0,0,75,"SolidWorks, Signal Processing, Biomedical Instrumentation, Communication","Precision Agriculture, Micro-Mobility, Cybersecurity, Digital Health, Carbon Capture, Autonomous Driving","Agritech, Design","Project: Non-Invasive Glucose Biosensor. Desc: Optical near-infrared spectrophotometer measuring interstitial blood glucose. (Tech: MATLAB, Medical Image Processing, Medical AI, Biomedical Instrumentation) | Project: Prosthetic Myoelectric Hand Controller. Desc: Surface EMG pattern recognition decoding hand gesture intent. (Tech: Signal Processing, Sensor Design, LabVIEW) | Project: Smart ICU Patient Vital Predictor. Desc: Predictive alert system flagging onset of septic shock. (Tech: Medical AI, Python, Biomedical Instrumentation)","Bio: Building sustainable and scalable solutions in Precision Agriculture. 3rd Year at SASTRA.. Branch: Biomedical Engineering. Year: 3rd Year. Skills: SolidWorks, Signal Processing, Biomedical Instrumentation, Communication. Interests: Precision Agriculture, Micro-Mobility, Cybersecurity, Digital Health, Carbon Capture, Autonomous Driving. Domains: Agritech, Design. Projects: Project: Non-Invasive Glucose Biosensor. Desc: Optical near-infrared spectrophotometer measuring interstitial blood glucose. (Tech: MATLAB, Medical Image Processing, Medical AI, Biomedical Instrumentation) | Project: Prosthetic Myoelectric Hand Controller. Desc: Surface EMG pattern recognition decoding hand gesture intent. (Tech: Signal Processing, Sensor Design, LabVIEW) | Project: Smart ICU Patient Vital Predictor. Desc: Predictive alert system flagging onset of septic shock. (Tech: Medical AI, Python, Biomedical Instrumentation)",0,0,0,0,0,0,1,0,0,0,0,0,0,0,0,0,0,0,0,0,0,0,0,0,0,0,1,0,0,0,1,0,0
affb040c-0796-49f8-b3db-6780d0e12bad,8,3,4,0,0,6,1,0,0,0,0,74,"Biomedical Instrumentation, Sensor Design, Signal Processing, SolidWorks, Medical Image Processing, LabVIEW, Communication, Ideation","Satellite Communication, Defence, Hydroponics","Civil, EV, CleanTech, Aerospace",,"Bio: Interested in Satellite Communication, Defence, and Hydroponics. Active hackathon builder.. Branch: Biomedical Engineering. Year: 1st Year. Skills: Biomedical Instrumentation, Sensor Design, Signal Processing, SolidWorks, Medical Image Processing, LabVIEW, Communication, Ideation. Interests: Satellite Communication, Defence, Hydroponics. Domains: Civil, EV, CleanTech, Aerospace. Projects:",0,0,0,0,0,0,1,0,0,0,0,0,0,0,0,0,0,0,0,0,0,0,0,0,1,0,0,0,1,0,0,0,0
347dcda4-cc34-4117-be02-c3eeaaf8878f,6,6,3,1,3,4,0,12,423,6,66,74,"GIS, Soil Mechanics, IOT Sensors, Hydrology, Team Leadership, Ideation","Hydrology, Nanotechnology, Generative AI, Smart Agriculture, Open Source, Smart Cities","Design, Robotics, IoT","Project: Hydroponic Nutrient Auto-Doser. Desc: Closed-loop EC and pH control unit for greenhouse verti-farming. (Tech: AgriTech, IOT Sensors, Arduino)","Bio: Agricultural Engineering student at CEG passionate about Hydrology and Nanotechnology.. Branch: Agricultural Engineering. Year: 4th Year. Skills: GIS, Soil Mechanics, IOT Sensors, Hydrology, Team Leadership, Ideation. Interests: Hydrology, Nanotechnology, Generative AI, Smart Agriculture, Open Source, Smart Cities. Domains: Design, Robotics, IoT. Projects: Project: Hydroponic Nutrient Auto-Doser. Desc: Closed-loop EC and pH control unit for greenhouse verti-farming. (Tech: AgriTech, IOT Sensors, Arduino)",0,1,0,0,0,0,0,0,0,0,0,0,0,0,0,0,0,0,0,0,0,0,0,0,0,0,0,1,1,0,0,0,0
85821370-f883-484e-94ee-f6ae8dc26c65,5,5,3,2,7,5,2,19,290,26,22,97,"Precision Agriculture, Python, AgriTech, Hydrology, Rapid Prototyping","Digital Health, Automation, Signal Processing, Web3, Smart Agriculture","Robotics, Aerospace, Biotech","Project: Solar Powered Drip Irrigation Router. Desc: Soil moisture driven automated solenoid network for arid farms. (Tech: IOT Sensors, AgriTech, AutoCAD) | Project: Autonomous Crop Health Mapping Drone. Desc: Multispectral aerial imaging drone detecting nitrogen stress in crops. (Tech: Precision Agriculture, GIS, Drone Surveying, Python)","Bio: Building sustainable and scalable solutions in Digital Health. 2nd Year at VIT.. Branch: Agricultural Engineering. Year: 2nd Year. Skills: Precision Agriculture, Python, AgriTech, Hydrology, Rapid Prototyping. Interests: Digital Health, Automation, Signal Processing, Web3, Smart Agriculture. Domains: Robotics, Aerospace, Biotech. Projects: Project: Solar Powered Drip Irrigation Router. Desc: Soil moisture driven automated solenoid network for arid farms. (Tech: IOT Sensors, AgriTech, AutoCAD) | Project: Autonomous Crop Health Mapping Drone. Desc: Multispectral aerial imaging drone detecting nitrogen stress in crops. (Tech: Precision Agriculture, GIS, Drone Surveying, Python)",0,1,0,0,0,0,0,0,0,0,0,0,0,0,0,0,0,0,0,0,0,0,0,0,0,1,0,0,0,0,0,0,1
b92bae36-b338-429c-af78-0cbf3fb8795f,10,6,4,1,4,2,0,7,408,45,62,76,"Python, GIS, Precision Agriculture, AutoCAD, IOT Sensors, Drone Surveying, Soil Mechanics, AgriTech, Problem Solving, Team Leadership","FinTech, Edge Computing, Manufacturing, Robotics, Autonomous Systems, Defence","Agritech, Healthcare, Product, Web","Project: Autonomous Crop Health Mapping Drone. Desc: Multispectral aerial imaging drone detecting nitrogen stress in crops. (Tech: Precision Agriculture, GIS, Drone Surveying, Python)","Bio: Interested in FinTech, Edge Computing, and Manufacturing. Active hackathon builder.. Branch: Agricultural Engineering. Year: 4th Year. Skills: Python, GIS, Precision Agriculture, AutoCAD, IOT Sensors, Drone Surveying, Soil Mechanics, AgriTech, Problem Solving, Team Leadership. Interests: FinTech, Edge Computing, Manufacturing, Robotics, Autonomous Systems, Defence. Domains: Agritech, Healthcare, Product, Web. Projects: Project: Autonomous Crop Health Mapping Drone. Desc: Multispectral aerial imaging drone detecting nitrogen stress in crops. (Tech: Precision Agriculture, GIS, Drone Surveying, Python)",0,1,0,0,0,0,0,0,0,0,0,0,0,0,0,0,0,0,0,0,0,0,0,0,0,0,0,1,0,0,1,0,0
9965fb9a-60f0-4faa-a4c2-69d5bf9b8f86,10,4,3,3,10,1,1,0,0,0,0,90,"CFD, Simulink, MATLAB, CATIA, ANSYS, Aerodynamics, SolidWorks, Flight Mechanics, Propulsion Systems, Problem Solving","E-Commerce, Supply Chain, Artificial Intelligence, Telemedicine","IoT, Mechanical, Cybersecurity","Project: CubeSat Thermal Radiator Shield. Desc: Passive thermal control system for LEO nanosatellite electronics. (Tech: ANSYS, CFD, Thermal Systems, SolidWorks) | Project: Micro-Turbojet Combustion Chamber. Desc: Annular combustor designed for low emissions and high thrust-to-weight. (Tech: CATIA, Simulink, Flight Mechanics) | Project: Supersonic Nozzle Flow Analyzer. Desc: Variable geometry convergent-divergent nozzle CFD simulation. (Tech: Aerodynamics, Propulsion Systems, MATLAB)","Bio: Aerospace Engineering student at NIT Trichy passionate about E-Commerce and Supply Chain.. Branch: Aerospace Engineering. Year: 3rd Year. Skills: CFD, Simulink, MATLAB, CATIA, ANSYS, Aerodynamics, SolidWorks, Flight Mechanics, Propulsion Systems, Problem Solving. Interests: E-Commerce, Supply Chain, Artificial Intelligence, Telemedicine. Domains: IoT, Mechanical, Cybersecurity. Projects: Project: CubeSat Thermal Radiator Shield. Desc: Passive thermal control system for LEO nanosatellite electronics. (Tech: ANSYS, CFD, Thermal Systems, SolidWorks) | Project: Micro-Turbojet Combustion Chamber. Desc: Annular combustor designed for low emissions and high thrust-to-weight. (Tech: CATIA, Simulink, Flight Mechanics) | Project: Supersonic Nozzle Flow Analyzer. Desc: Variable geometry convergent-divergent nozzle CFD simulation. (Tech: Aerodynamics, Propulsion Systems, MATLAB)",1,0,0,0,0,0,0,0,0,0,0,0,0,0,0,0,0,0,0,0,0,0,0,0,0,0,1,0,0,0,0,1,0
6c7ba5ab-e76c-4823-86d3-ecd291bf2b8e,4,4,4,0,0,0,0,25,417,29,6,80,"Aerodynamics, CFD, SolidWorks, Communication","Cybersecurity, Circular Economy, Embedded Systems, Microelectronics","Cybersecurity, Biotech, Design, Agritech",,"Bio: Building sustainable and scalable solutions in Cybersecurity. 1st Year at SSN.. Branch: Aerospace Engineering. Year: 1st Year. Skills: Aerodynamics, CFD, SolidWorks, Communication. Interests: Cybersecurity, Circular Economy, Embedded Systems, Microelectronics. Domains: Cybersecurity, Biotech, Design, Agritech. Projects:",1,0,0,0,0,0,0,0,0,0,0,0,0,0,0,0,0,0,0,0,0,0,0,0,1,0,0,0,0,1,0,0,0
99d675f5-481c-4a42-ab83-626ee52dd60c,12,5,4,3,10,4,2,12,248,38,56,89,"Simulink, ANSYS, MATLAB, CATIA, Propulsion Systems, Structural Analysis, Aerodynamics, CFD, SolidWorks, Flight Mechanics, Rapid Prototyping, Communication","FinTech, Supply Chain, Industry 4.0, Synthetic Biology, Open Source","EV, Agritech, FinTech, AI/ML","Project: Supersonic Nozzle Flow Analyzer. Desc: Variable geometry convergent-divergent nozzle CFD simulation. (Tech: Aerodynamics, Propulsion Systems, MATLAB) | Project: Micro-Turbojet Combustion Chamber. Desc: Annular combustor designed for low emissions and high thrust-to-weight. (Tech: CATIA, Simulink, Flight Mechanics) | Project: CubeSat Thermal Radiator Shield. Desc: Passive thermal control system for LEO nanosatellite electronics. (Tech: ANSYS, CFD, Thermal Systems, SolidWorks)","Bio: Interested in FinTech, Supply Chain, and Industry 4.0. Active hackathon builder.. Branch: Aerospace Engineering. Year: 3rd Year. Skills: Simulink, ANSYS, MATLAB, CATIA, Propulsion Systems, Structural Analysis, Aerodynamics, CFD, SolidWorks, Flight Mechanics, Rapid Prototyping, Communication. Interests: FinTech, Supply Chain, Industry 4.0, Synthetic Biology, Open Source. Domains: EV, Agritech, FinTech, AI/ML. Projects: Project: Supersonic Nozzle Flow Analyzer. Desc: Variable geometry convergent-divergent nozzle CFD simulation. (Tech: Aerodynamics, Propulsion Systems, MATLAB) | Project: Micro-Turbojet Combustion Chamber. Desc: Annular combustor designed for low emissions and high thrust-to-weight. (Tech: CATIA, Simulink, Flight Mechanics) | Project: CubeSat Thermal Radiator Shield. Desc: Passive thermal control system for LEO nanosatellite electronics. (Tech: ANSYS, CFD, Thermal Systems, SolidWorks)",1,0,0,0,0,0,0,0,0,0,0,0,0,0,0,0,0,0,0,0,0,0,0,0,0,0,1,0,1,0,0,0,0
0af9507d-81b9-4cf1-b44b-0dacf503dc2d,4,3,4,1,3,4,0,24,250,23,49,81,"SQL, Python, Arena Simulation, Problem Solving","Electric Vehicles, Agritech, Web3","Aerospace, Logistics, Civil, EV","Project: Global Logistics Carbon Tracking Dashboard. Desc: Supply chain carbon footprint auditor with route optimization. (Tech: Python, SQL, Six Sigma)","Bio: Industrial Engineering student at Anna University passionate about Electric Vehicles and Agritech.. Branch: Industrial Engineering. Year: 2nd Year. Skills: SQL, Python, Arena Simulation, Problem Solving. Interests: Electric Vehicles, Agritech, Web3. Domains: Aerospace, Logistics, Civil, EV. Projects: Project: Global Logistics Carbon Tracking Dashboard. Desc: Supply chain carbon footprint auditor with route optimization. (Tech: Python, SQL, Six Sigma)",0,0,0,0,0,0,0,0,0,0,0,0,0,0,0,0,1,0,0,0,0,0,0,0,0,1,0,0,0,0,1,0,0
ce2ebc11-9397-4333-846e-1b97cad19e01,6,5,2,3,9,1,0,25,247,5,42,92,"Supply Chain Analytics, Operations Research, Python, Process Optimization, Ideation, Rapid Prototyping","Digital Health, Smart Cities, Telemedicine, DeepTech, Smart Infrastructure","FinTech, Healthcare","Project: Global Logistics Carbon Tracking Dashboard. Desc: Supply chain carbon footprint auditor with route optimization. (Tech: Python, SQL, Six Sigma) | Project: Hospital Emergency Ward Bottleneck Model. Desc: Discrete event simulation optimizing nurse allocation and triage time. (Tech: Arena Simulation, Operations Research, Process Optimization) | Project: Automated Fulfillment Warehouse Layout. Desc: SLP-based facility layout reducing order retrieval transit times. (Tech: Supply Chain Analytics, Lean Manufacturing, Tableau)","Bio: Building sustainable and scalable solutions in Digital Health. 4th Year at MIT Chennai.. Branch: Industrial Engineering. Year: 4th Year. Skills: Supply Chain Analytics, Operations Research, Python, Process Optimization, Ideation, Rapid Prototyping. Interests: Digital Health, Smart Cities, Telemedicine, DeepTech, Smart Infrastructure. Domains: FinTech, Healthcare. Projects: Project: Global Logistics Carbon Tracking Dashboard. Desc: Supply chain carbon footprint auditor with route optimization. (Tech: Python, SQL, Six Sigma) | Project: Hospital Emergency Ward Bottleneck Model. Desc: Discrete event simulation optimizing nurse allocation and triage time. (Tech: Arena Simulation, Operations Research, Process Optimization) | Project: Automated Fulfillment Warehouse Layout. Desc: SLP-based facility layout reducing order retrieval transit times. (Tech: Supply Chain Analytics, Lean Manufacturing, Tableau)",0,0,0,0,0,0,0,0,0,0,0,0,0,0,0,0,1,0,0,0,0,0,0,0,0,0,0,1,0,1,0,0,0
aae2087b-48ce-441f-8985-02e8fb5169ec,11,5,2,3,9,6,1,0,0,0,0,88,"Python, Six Sigma, Operations Research, Supply Chain Analytics, Process Optimization, Arena Simulation, Tableau, SQL, Lean Manufacturing, Rapid Prototyping, Ideation","Interactive Media, Battery Tech, Avionics, Assistive Tech, Carbon Capture","Healthcare, Agritech","Project: Global Logistics Carbon Tracking Dashboard. Desc: Supply chain carbon footprint auditor with route optimization. (Tech: Python, SQL, Six Sigma) | Project: Automated Fulfillment Warehouse Layout. Desc: SLP-based facility layout reducing order retrieval transit times. (Tech: Supply Chain Analytics, Lean Manufacturing, Tableau) | Project: Hospital Emergency Ward Bottleneck Model. Desc: Discrete event simulation optimizing nurse allocation and triage time. (Tech: Arena Simulation, Operations Research, Process Optimization)","Bio: Interested in Interactive Media, Battery Tech, and Avionics. Active hackathon builder.. Branch: Industrial Engineering. Year: 2nd Year. Skills: Python, Six Sigma, Operations Research, Supply Chain Analytics, Process Optimization, Arena Simulation, Tableau, SQL, Lean Manufacturing, Rapid Prototyping, Ideation. Interests: Interactive Media, Battery Tech, Avionics, Assistive Tech, Carbon Capture. Domains: Healthcare, Agritech. Projects: Project: Global Logistics Carbon Tracking Dashboard. Desc: Supply chain carbon footprint auditor with route optimization. (Tech: Python, SQL, Six Sigma) | Project: Automated Fulfillment Warehouse Layout. Desc: SLP-based facility layout reducing order retrieval transit times. (Tech: Supply Chain Analytics, Lean Manufacturing, Tableau) | Project: Hospital Emergency Ward Bottleneck Model. Desc: Discrete event simulation optimizing nurse allocation and triage time. (Tech: Arena Simulation, Operations Research, Process Optimization)",0,0,0,0,0,0,0,0,0,0,0,0,0,0,0,0,1,0,0,0,0,0,0,0,0,1,0,0,0,0,0,0,1
ed82829b-d814-4e03-b750-a41974852d40,9,3,4,2,6,1,1,0,0,0,0,96,"LabVIEW, PLC, MATLAB, Instrumentation Design, SCADA, Control Systems, Signal Processing, Communication, Team Leadership","MedTech, Startups, Remote Sensing","CleanTech, Healthcare, EV, Design","Project: Smart Gas Leak Optical Detector. Desc: NDIR sensor unit with wireless alarm reporting for chemical plants. (Tech: LabVIEW, Sensors & Transducers, PLC) | Project: Ultra-Precise Vibration Calibration Rig. Desc: Piezo-actuated shaker table for accelerometer calibration. (Tech: SCADA, Signal Processing, Instrumentation Design)","Bio: Instrumentation Engineering student at Kumaraguru passionate about MedTech and Startups.. Branch: Instrumentation Engineering. Year: 1st Year. Skills: LabVIEW, PLC, MATLAB, Instrumentation Design, SCADA, Control Systems, Signal Processing, Communication, Team Leadership. Interests: MedTech, Startups, Remote Sensing. Domains: CleanTech, Healthcare, EV, Design. Projects: Project: Smart Gas Leak Optical Detector. Desc: NDIR sensor unit with wireless alarm reporting for chemical plants. (Tech: LabVIEW, Sensors & Transducers, PLC) | Project: Ultra-Precise Vibration Calibration Rig. Desc: Piezo-actuated shaker table for accelerometer calibration. (Tech: SCADA, Signal Processing, Instrumentation Design)",0,0,0,0,0,0,0,0,0,0,0,0,0,0,0,0,0,0,1,0,0,0,0,0,1,0,0,0,1,0,0,0,0
0614b282-09f3-41f4-8c80-cd26922cefb7,10,6,3,1,3,2,1,20,74,20,32,74,"MATLAB, Embedded C, Sensors & Transducers, Signal Processing, Instrumentation Design, LabVIEW, PLC, SCADA, Rapid Prototyping, Team Leadership","Battery Tech, Sustainable Materials, Entrepreneurship, Microelectronics, Synthetic Biology, AR/VR","Agritech, Aerospace, Civil","Project: Ultra-Precise Vibration Calibration Rig. Desc: Piezo-actuated shaker table for accelerometer calibration. (Tech: SCADA, Signal Processing, Instrumentation Design)","Bio: Building sustainable and scalable solutions in Battery Tech. 3rd Year at CIT.. Branch: Instrumentation Engineering. Year: 3rd Year. Skills: MATLAB, Embedded C, Sensors & Transducers, Signal Processing, Instrumentation Design, LabVIEW, PLC, SCADA, Rapid Prototyping, Team Leadership. Interests: Battery Tech, Sustainable Materials, Entrepreneurship, Microelectronics, Synthetic Biology, AR/VR. Domains: Agritech, Aerospace, Civil. Projects: Project: Ultra-Precise Vibration Calibration Rig. Desc: Piezo-actuated shaker table for accelerometer calibration. (Tech: SCADA, Signal Processing, Instrumentation Design)",0,0,0,0,0,0,0,0,0,0,0,0,0,0,0,0,0,0,1,0,0,0,0,0,0,0,1,0,0,0,1,0,0
fc2e2e44-67a1-49c0-8deb-aae8b7fd05ce,7,6,2,1,3,2,0,22,354,43,62,93,"Sensors & Transducers, Embedded C, Signal Processing, PLC, SCADA, MATLAB, Team Leadership","Generative AI, SpaceTech, Interactive Media, Thermal Systems, Green Mobility, Web3","Aerospace, AI/ML","Project: Ultra-Precise Vibration Calibration Rig. Desc: Piezo-actuated shaker table for accelerometer calibration. (Tech: SCADA, Signal Processing, Instrumentation Design)","Bio: Interested in Generative AI, SpaceTech, and Interactive Media. Active hackathon builder.. Branch: Instrumentation Engineering. Year: 1st Year. Skills: Sensors & Transducers, Embedded C, Signal Processing, PLC, SCADA, MATLAB, Team Leadership. Interests: Generative AI, SpaceTech, Interactive Media, Thermal Systems, Green Mobility, Web3. Domains: Aerospace, AI/ML. Projects: Project: Ultra-Precise Vibration Calibration Rig. Desc: Piezo-actuated shaker table for accelerometer calibration. (Tech: SCADA, Signal Processing, Instrumentation Design)",0,0,0,0,0,0,0,0,0,0,0,0,0,0,0,0,0,0,1,0,0,0,0,0,1,0,0,0,0,1,0,0,0
6c480048-b597-421a-a03f-d31dcc86dde0,5,6,2,3,10,1,0,27,93,12,79,92,"Lumion, Revit, Rhino 3D, Ideation, Presentation","Micro-Mobility, Quantum Computing, Smart Grids, Telemedicine, Renewable Energy, Electric Vehicles","Civil, Aerospace","Project: Urban Climate Micro-District Plan. Desc: Transit-oriented mixed-use masterplan reducing urban heat island effect. (Tech: Urban Planning, AutoCAD, Photoshop) | Project: Net-Zero Energy Campus Library. Desc: Parametric passive solar design with green roof integration. (Tech: Revit, BIM (Building Information Modeling), Architectural Design, Rhino 3D) | Project: Parametric Bamboo Timber Pavilion. Desc: Curvilinear public canopy generated using algorithmic geometric rules. (Tech: Grasshopper, SketchUp, 3D Visualization)","Bio: Architecture student at VIT passionate about Micro-Mobility and Quantum Computing.. Branch: Architecture. Year: 4th Year. Skills: Lumion, Revit, Rhino 3D, Ideation, Presentation. Interests: Micro-Mobility, Quantum Computing, Smart Grids, Telemedicine, Renewable Energy, Electric Vehicles. Domains: Civil, Aerospace. Projects: Project: Urban Climate Micro-District Plan. Desc: Transit-oriented mixed-use masterplan reducing urban heat island effect. (Tech: Urban Planning, AutoCAD, Photoshop) | Project: Net-Zero Energy Campus Library. Desc: Parametric passive solar design with green roof integration. (Tech: Revit, BIM (Building Information Modeling), Architectural Design, Rhino 3D) | Project: Parametric Bamboo Timber Pavilion. Desc: Curvilinear public canopy generated using algorithmic geometric rules. (Tech: Grasshopper, SketchUp, 3D Visualization)",0,0,1,0,0,0,0,0,0,0,0,0,0,0,0,0,0,0,0,0,0,0,0,0,0,0,0,1,0,1,0,0,0
62896dac-f806-44b9-bcb9-4a4df88ecc09,12,6,3,2,7,0,0,26,337,24,20,84,"SketchUp, 3D Visualization, Urban Planning, Architectural Design, Photoshop, Lumion, AutoCAD, Rhino 3D, BIM (Building Information Modeling), Revit, Communication, Ideation","Precision Agriculture, Smart Agriculture, VLSI, Robotics, High Performance Computing, Green Building","IoT, AI/ML, Design","Project: Net-Zero Energy Campus Library. Desc: Parametric passive solar design with green roof integration. (Tech: Revit, BIM (Building Information Modeling), Architectural Design, Rhino 3D) | Project: Urban Climate Micro-District Plan. Desc: Transit-oriented mixed-use masterplan reducing urban heat island effect. (Tech: Urban Planning, AutoCAD, Photoshop)","Bio: Building sustainable and scalable solutions in Precision Agriculture. 2nd Year at Amrita.. Branch: Architecture. Year: 2nd Year. Skills: SketchUp, 3D Visualization, Urban Planning, Architectural Design, Photoshop, Lumion, AutoCAD, Rhino 3D, BIM (Building Information Modeling), Revit, Communication, Ideation. Interests: Precision Agriculture, Smart Agriculture, VLSI, Robotics, High Performance Computing, Green Building. Domains: IoT, AI/ML, Design. Projects: Project: Net-Zero Energy Campus Library. Desc: Parametric passive solar design with green roof integration. (Tech: Revit, BIM (Building Information Modeling), Architectural Design, Rhino 3D) | Project: Urban Climate Micro-District Plan. Desc: Transit-oriented mixed-use masterplan reducing urban heat island effect. (Tech: Urban Planning, AutoCAD, Photoshop)",0,0,1,0,0,0,0,0,0,0,0,0,0,0,0,0,0,0,0,0,0,0,0,0,0,1,0,0,0,0,0,1,0
1458b5a8-ec14-4f63-b9f8-f205cef99d3a,11,5,4,3,10,4,0,25,380,31,42,91,"Rhino 3D, Lumion, Architectural Design, 3D Visualization, BIM (Building Information Modeling), Revit, AutoCAD, SketchUp, Photoshop, Communication, Rapid Prototyping","Telemedicine, Battery Tech, Research, CleanTech, Quantum Computing","EV, IoT, Logistics, Civil","Project: Urban Climate Micro-District Plan. Desc: Transit-oriented mixed-use masterplan reducing urban heat island effect. (Tech: Urban Planning, AutoCAD, Photoshop) | Project: Parametric Bamboo Timber Pavilion. Desc: Curvilinear public canopy generated using algorithmic geometric rules. (Tech: Grasshopper, SketchUp, 3D Visualization) | Project: Net-Zero Energy Campus Library. Desc: Parametric passive solar design with green roof integration. (Tech: Revit, BIM (Building Information Modeling), Architectural Design, Rhino 3D)","Bio: Interested in Telemedicine, Battery Tech, and Research. Active hackathon builder.. Branch: Architecture. Year: 4th Year. Skills: Rhino 3D, Lumion, Architectural Design, 3D Visualization, BIM (Building Information Modeling), Revit, AutoCAD, SketchUp, Photoshop, Communication, Rapid Prototyping. Interests: Telemedicine, Battery Tech, Research, CleanTech, Quantum Computing. Domains: EV, IoT, Logistics, Civil. Projects: Project: Urban Climate Micro-District Plan. Desc: Transit-oriented mixed-use masterplan reducing urban heat island effect. (Tech: Urban Planning, AutoCAD, Photoshop) | Project: Parametric Bamboo Timber Pavilion. Desc: Curvilinear public canopy generated using algorithmic geometric rules. (Tech: Grasshopper, SketchUp, 3D Visualization) | Project: Net-Zero Energy Campus Library. Desc: Parametric passive solar design with green roof integration. (Tech: Revit, BIM (Building Information Modeling), Architectural Design, Rhino 3D)",0,0,1,0,0,0,0,0,0,0,0,0,0,0,0,0,0,0,0,0,0,0,0,0,0,0,0,1,0,0,0,0,1
1c013e76-8dd1-4835-929d-4d17b3cca983,11,3,4,2,5,6,1,6,368,8,2,76,"Pattern Making, Textile Design, Styling, Adobe Illustrator, Fashion Merchandising, UI Design, Photoshop, Garment Manufacturing, Fashion CAD, Team Leadership, Communication","Prompt Engineering, Avionics, Manufacturing","IoT, AI/ML, FinTech, Robotics","Project: Virtual AR Apparel Fitting Room. Desc: Real-time 3D cloth simulation for online e-commerce sizing. (Tech: Fashion CAD, UI Design, Photoshop) | Project: Zero-Waste Pattern Generation Engine. Desc: Nested layout generator minimizing fabric cutting waste. (Tech: Pattern Making, Garment Manufacturing)","Bio: Fashion Technology student at VIT passionate about Prompt Engineering and Avionics.. Branch: Fashion Technology. Year: 3rd Year. Skills: Pattern Making, Textile Design, Styling, Adobe Illustrator, Fashion Merchandising, UI Design, Photoshop, Garment Manufacturing, Fashion CAD, Team Leadership, Communication. Interests: Prompt Engineering, Avionics, Manufacturing. Domains: IoT, AI/ML, FinTech, Robotics. Projects: Project: Virtual AR Apparel Fitting Room. Desc: Real-time 3D cloth simulation for online e-commerce sizing. (Tech: Fashion CAD, UI Design, Photoshop) | Project: Zero-Waste Pattern Generation Engine. Desc: Nested layout generator minimizing fabric cutting waste. (Tech: Pattern Making, Garment Manufacturing)",0,0,0,0,0,0,0,0,0,0,0,0,0,0,0,1,0,0,0,0,0,0,0,0,0,0,1,0,1,0,0,0,0
cab37fc0-5983-4910-a593-6b513146db25,9,5,3,3,8,4,2,11,118,7,44,95,"Adobe Illustrator, Photoshop, Pattern Making, Garment Manufacturing, Styling, UI Design, Fashion CAD, Fashion Merchandising, Problem Solving","Waste Management, Synthetic Biology, Sustainability, Satellite Communication, DeepTech","Logistics, Product, Design","Project: Zero-Waste Pattern Generation Engine. Desc: Nested layout generator minimizing fabric cutting waste. (Tech: Pattern Making, Garment Manufacturing) | Project: Circular Textile Upcycling Tracker. Desc: QR-code powered garment lifecycle passport tracking recycled fibers. (Tech: Textile Design, Fashion Merchandising, Adobe Illustrator) | Project: Virtual AR Apparel Fitting Room. Desc: Real-time 3D cloth simulation for online e-commerce sizing. (Tech: Fashion CAD, UI Design, Photoshop)","Bio: Building sustainable and scalable solutions in Waste Management. 1st Year at MIT Chennai.. Branch: Fashion Technology. Year: 1st Year. Skills: Adobe Illustrator, Photoshop, Pattern Making, Garment Manufacturing, Styling, UI Design, Fashion CAD, Fashion Merchandising, Problem Solving. Interests: Waste Management, Synthetic Biology, Sustainability, Satellite Communication, DeepTech. Domains: Logistics, Product, Design. Projects: Project: Zero-Waste Pattern Generation Engine. Desc: Nested layout generator minimizing fabric cutting waste. (Tech: Pattern Making, Garment Manufacturing) | Project: Circular Textile Upcycling Tracker. Desc: QR-code powered garment lifecycle passport tracking recycled fibers. (Tech: Textile Design, Fashion Merchandising, Adobe Illustrator) | Project: Virtual AR Apparel Fitting Room. Desc: Real-time 3D cloth simulation for online e-commerce sizing. (Tech: Fashion CAD, UI Design, Photoshop)",0,0,0,0,0,0,0,0,0,0,0,0,0,0,0,1,0,0,0,0,0,0,0,0,1,0,0,0,0,1,0,0,0
bb0f642d-1096-4c1e-a583-70dcd1d200f4,5,6,3,1,3,4,2,0,0,0,0,92,"Fashion Merchandising, UI Design, Garment Manufacturing, Textile Design, Rapid Prototyping","Cyber Defence, CleanTech, Artificial Intelligence, Drone Technology, 3D Printing, Web3","CleanTech, Agritech, EV","Project: Virtual AR Apparel Fitting Room. Desc: Real-time 3D cloth simulation for online e-commerce sizing. (Tech: Fashion CAD, UI Design, Photoshop)","Bio: Interested in Cyber Defence, CleanTech, and Artificial Intelligence. Active hackathon builder.. Branch: Fashion Technology. Year: 3rd Year. Skills: Fashion Merchandising, UI Design, Garment Manufacturing, Textile Design, Rapid Prototyping. Interests: Cyber Defence, CleanTech, Artificial Intelligence, Drone Technology, 3D Printing, Web3. Domains: CleanTech, Agritech, EV. Projects: Project: Virtual AR Apparel Fitting Room. Desc: Real-time 3D cloth simulation for online e-commerce sizing. (Tech: Fashion CAD, UI Design, Photoshop)",0,0,0,0,0,0,0,0,0,0,0,0,0,0,0,1,0,0,0,0,0,0,0,0,0,0,1,0,0,0,0,0,1
c4e69c9e-4472-40aa-ae9e-e98402e48d1b,11,5,2,3,10,5,1,0,0,0,0,76,"NumPy, SQL, Power BI, Apache Spark, Deep Learning, Scikit-Learn, Python, Data Visualization, Tableau, Pandas, Team Leadership","Urban Planning, Micro-Mobility, Green Building, Signal Processing, Prompt Engineering","IoT, EdTech","Project: Automated Machine Learning Workbench. Desc: No-code model exploration tool comparing cross-validation scores. (Tech: Python, Pandas, Scikit-Learn, Streamlit) | Project: Geospatial Real Estate Value Mapper. Desc: Interactive pricing map using satellite land feature vectors. (Tech: R, Tableau, Power BI, SQL) | Project: Realtime E-Commerce Trend Predictor. Desc: Streaming clickstream aggregator classifying buyer intent live. (Tech: Apache Spark, Big Data, SQL, Python)","Bio: Data Science student at PSG Tech passionate about Urban Planning and Micro-Mobility.. Branch: Data Science. Year: 2nd Year. Skills: NumPy, SQL, Power BI, Apache Spark, Deep Learning, Scikit-Learn, Python, Data Visualization, Tableau, Pandas, Team Leadership. Interests: Urban Planning, Micro-Mobility, Green Building, Signal Processing, Prompt Engineering. Domains: IoT, EdTech. Projects: Project: Automated Machine Learning Workbench. Desc: No-code model exploration tool comparing cross-validation scores. (Tech: Python, Pandas, Scikit-Learn, Streamlit) | Project: Geospatial Real Estate Value Mapper. Desc: Interactive pricing map using satellite land feature vectors. (Tech: R, Tableau, Power BI, SQL) | Project: Realtime E-Commerce Trend Predictor. Desc: Streaming clickstream aggregator classifying buyer intent live. (Tech: Apache Spark, Big Data, SQL, Python)",0,0,0,0,0,0,0,0,0,0,0,0,1,0,0,0,0,0,0,0,0,0,0,0,0,1,0,0,0,0,1,0,0
e019c590-05ca-4dd0-8414-3264362d7ab3,7,6,4,1,4,0,0,21,57,2,56,99,"Scikit-Learn, Apache Spark, Tableau, R, Pandas, Problem Solving, Ideation","Green Mobility, Waste Management, Healthcare, Hydroponics, Sustainable Materials, Smart Agriculture","Web, Civil, CleanTech, Mechanical","Project: Geospatial Real Estate Value Mapper. Desc: Interactive pricing map using satellite land feature vectors. (Tech: R, Tableau, Power BI, SQL)","Bio: Building sustainable and scalable solutions in Green Mobility. 4th Year at NIT Trichy.. Branch: Data Science. Year: 4th Year. Skills: Scikit-Learn, Apache Spark, Tableau, R, Pandas, Problem Solving, Ideation. Interests: Green Mobility, Waste Management, Healthcare, Hydroponics, Sustainable Materials, Smart Agriculture. Domains: Web, Civil, CleanTech, Mechanical. Projects: Project: Geospatial Real Estate Value Mapper. Desc: Interactive pricing map using satellite land feature vectors. (Tech: R, Tableau, Power BI, SQL)",0,0,0,0,0,0,0,0,0,0,0,0,1,0,0,0,0,0,0,0,0,0,0,0,0,0,0,1,0,0,0,0,1
fb92583d-11ab-4cec-a9fd-c5fd932c1193,10,3,4,1,4,5,1,14,99,17,26,94,"SQL, Deep Learning, Power BI, Scikit-Learn, Big Data, Pandas, Tableau, Apache Spark, Python, Communication","Generative AI, Logistics, Sustainable Materials","Logistics, Mechanical, Civil, Product","Project: Geospatial Real Estate Value Mapper. Desc: Interactive pricing map using satellite land feature vectors. (Tech: R, Tableau, Power BI, SQL)","Bio: Interested in Generative AI, Logistics, and Sustainable Materials. Active hackathon builder.. Branch: Data Science. Year: 2nd Year. Skills: SQL, Deep Learning, Power BI, Scikit-Learn, Big Data, Pandas, Tableau, Apache Spark, Python, Communication. Interests: Generative AI, Logistics, Sustainable Materials. Domains: Logistics, Mechanical, Civil, Product. Projects: Project: Geospatial Real Estate Value Mapper. Desc: Interactive pricing map using satellite land feature vectors. (Tech: R, Tableau, Power BI, SQL)",0,0,0,0,0,0,0,0,0,0,0,0,1,0,0,0,0,0,0,0,0,0,0,0,0,1,0,0,0,1,0,0,0
732dbfe7-1acd-4dd9-8572-92ca7923a567,5,4,4,0,0,5,0,0,0,0,0,86,"Penetration Testing, Python, Ethical Hacking, Network Security, Team Leadership","Embedded Systems, Smart Cities, Healthcare, Gaming","EV, IoT, Agritech, Logistics",,"Bio: Cyber Security student at Thiagarajar passionate about Embedded Systems and Smart Cities.. Branch: Cyber Security. Year: 1st Year. Skills: Penetration Testing, Python, Ethical Hacking, Network Security, Team Leadership. Interests: Embedded Systems, Smart Cities, Healthcare, Gaming. Domains: EV, IoT, Agritech, Logistics. Projects:",0,0,0,0,0,0,0,0,0,0,0,1,0,0,0,0,0,0,0,0,0,0,0,0,1,0,0,0,0,0,0,0,1
e88fb49b-4d38-4e00-98f7-81c1486d5d6c,9,6,4,2,8,3,1,19,88,24,33,72,"Ethical Hacking, Cryptography, Burp Suite, Kali Linux, Wireshark, Metasploit, Reverse Engineering, Communication, Rapid Prototyping","Open Source, Signal Processing, Green Building, Web3, Manufacturing, Logistics","Healthcare, Biotech, AI/ML, CleanTech","Project: Automated Malware Sandbox Runner. Desc: Isolated dynamic analysis platform extracting C2 indicators. (Tech: Kali Linux, Reverse Engineering, Wireshark, Metasploit) | Project: Zero-Trust IAM Policy Validator. Desc: Static analysis tool identifying over-privileged cloud infrastructure roles. (Tech: Python, Network Security, Cloud Security, OAuth 2.0)","Bio: Building sustainable and scalable solutions in Open Source. 3rd Year at SRM.. Branch: Cyber Security. Year: 3rd Year. Skills: Ethical Hacking, Cryptography, Burp Suite, Kali Linux, Wireshark, Metasploit, Reverse Engineering, Communication, Rapid Prototyping. Interests: Open Source, Signal Processing, Green Building, Web3, Manufacturing, Logistics. Domains: Healthcare, Biotech, AI/ML, CleanTech. Projects: Project: Automated Malware Sandbox Runner. Desc: Isolated dynamic analysis platform extracting C2 indicators. (Tech: Kali Linux, Reverse Engineering, Wireshark, Metasploit) | Project: Zero-Trust IAM Policy Validator. Desc: Static analysis tool identifying over-privileged cloud infrastructure roles. (Tech: Python, Network Security, Cloud Security, OAuth 2.0)",0,0,0,0,0,0,0,0,0,0,0,1,0,0,0,0,0,0,0,0,0,0,0,0,0,0,1,0,0,1,0,0,0
38eb7628-e648-4935-b757-eff8326a187d,8,3,4,3,11,1,1,27,164,24,61,95,"Kali Linux, Python, Ethical Hacking, Penetration Testing, Network Security, Wireshark, Nmap, Rapid Prototyping","Smart Cities, Research, Renewable Energy","Design, IoT, Robotics, Logistics","Project: Automated Malware Sandbox Runner. Desc: Isolated dynamic analysis platform extracting C2 indicators. (Tech: Kali Linux, Reverse Engineering, Wireshark, Metasploit) | Project: Container Vulnerability Scanner. Desc: Image layer scanner checking CVE databases before deployment. (Tech: Docker, Penetration Testing, Burp Suite) | Project: Zero-Trust IAM Policy Validator. Desc: Static analysis tool identifying over-privileged cloud infrastructure roles. (Tech: Python, Network Security, Cloud Security, OAuth 2.0)","Bio: Interested in Smart Cities, Research, and Renewable Energy. Active hackathon builder.. Branch: Cyber Security. Year: 1st Year. Skills: Kali Linux, Python, Ethical Hacking, Penetration Testing, Network Security, Wireshark, Nmap, Rapid Prototyping. Interests: Smart Cities, Research, Renewable Energy. Domains: Design, IoT, Robotics, Logistics. Projects: Project: Automated Malware Sandbox Runner. Desc: Isolated dynamic analysis platform extracting C2 indicators. (Tech: Kali Linux, Reverse Engineering, Wireshark, Metasploit) | Project: Container Vulnerability Scanner. Desc: Image layer scanner checking CVE databases before deployment. (Tech: Docker, Penetration Testing, Burp Suite) | Project: Zero-Trust IAM Policy Validator. Desc: Static analysis tool identifying over-privileged cloud infrastructure roles. (Tech: Python, Network Security, Cloud Security, OAuth 2.0)",0,0,0,0,0,0,0,0,0,0,0,1,0,0,0,0,0,0,0,0,0,0,0,0,1,0,0,0,0,0,1,0,0
bccfcb8d-4fb3-47d4-b57d-a04e3af3b2df,9,6,3,1,3,0,0,8,91,34,64,100,"Power BI, Agile/Scrum, Product Management, Salesforce, Business Analysis, Marketing, Strategic Planning, Presentation, Team Leadership","Waste Management, CleanTech, Disaster Tech, Micro-Mobility, Autonomous Driving, Microelectronics","Design, Logistics, Biotech","Project: D2C Brand Customer Retention Engine. Desc: Cohort analysis dashboard identifying high LTV buyer segments. (Tech: Salesforce, Strategic Planning, Agile/Scrum)","Bio: MBA student at MIT Chennai passionate about Waste Management and CleanTech.. Branch: MBA. Year: 4th Year. Skills: Power BI, Agile/Scrum, Product Management, Salesforce, Business Analysis, Marketing, Strategic Planning, Presentation, Team Leadership. Interests: Waste Management, CleanTech, Disaster Tech, Micro-Mobility, Autonomous Driving, Microelectronics. Domains: Design, Logistics, Biotech. Projects: Project: D2C Brand Customer Retention Engine. Desc: Cohort analysis dashboard identifying high LTV buyer segments. (Tech: Salesforce, Strategic Planning, Agile/Scrum)",0,0,0,0,0,0,0,0,0,0,0,0,0,0,0,0,0,0,0,1,0,0,0,0,0,0,0,1,0,0,0,0,1
6c6070fe-5590-4bd5-bd37-c804f1141ede,11,3,3,3,9,2,0,19,96,15,26,100,"Financial Modeling, Market Research, Business Analysis, Power BI, Strategic Planning, Product Management, Agile/Scrum, Marketing, Presentation, Problem Solving, Ideation","Avionics, Quantum Computing, Signal Processing","Web, Product, Mechanical","Project: FinTech Micro-Credit Risk Matrix. Desc: Credit scoring framework for informal sector small business loans. (Tech: Business Analysis, Financial Modeling, Power BI) | Project: D2C Brand Customer Retention Engine. Desc: Cohort analysis dashboard identifying high LTV buyer segments. (Tech: Salesforce, Strategic Planning, Agile/Scrum) | Project: EdTech B2B Market Entry Strategy. Desc: Go-to-market analysis and financial projection for tier-3 Indian college sales. (Tech: Product Management, Market Research, Financial Modeling, Presentation)","Bio: Building sustainable and scalable solutions in Avionics. 2nd Year at PSG Tech.. Branch: MBA. Year: 2nd Year. Skills: Financial Modeling, Market Research, Business Analysis, Power BI, Strategic Planning, Product Management, Agile/Scrum, Marketing, Presentation, Problem Solving, Ideation. Interests: Avionics, Quantum Computing, Signal Processing. Domains: Web, Product, Mechanical. Projects: Project: FinTech Micro-Credit Risk Matrix. Desc: Credit scoring framework for informal sector small business loans. (Tech: Business Analysis, Financial Modeling, Power BI) | Project: D2C Brand Customer Retention Engine. Desc: Cohort analysis dashboard identifying high LTV buyer segments. (Tech: Salesforce, Strategic Planning, Agile/Scrum) | Project: EdTech B2B Market Entry Strategy. Desc: Go-to-market analysis and financial projection for tier-3 Indian college sales. (Tech: Product Management, Market Research, Financial Modeling, Presentation)",0,0,0,0,0,0,0,0,0,0,0,0,0,0,0,0,0,0,0,1,0,0,0,0,0,1,0,0,0,0,1,0,0
a4a433e6-4d7c-4b9e-a42e-488e76adf7e7,7,3,3,3,9,0,0,21,263,17,7,100,"Market Research, Salesforce, Business Analysis, Power BI, Agile/Scrum, Product Management, Rapid Prototyping","Cloud Computing, FinTech, Disaster Tech","Agritech, FinTech, AI/ML","Project: D2C Brand Customer Retention Engine. Desc: Cohort analysis dashboard identifying high LTV buyer segments. (Tech: Salesforce, Strategic Planning, Agile/Scrum) | Project: EdTech B2B Market Entry Strategy. Desc: Go-to-market analysis and financial projection for tier-3 Indian college sales. (Tech: Product Management, Market Research, Financial Modeling, Presentation) | Project: FinTech Micro-Credit Risk Matrix. Desc: Credit scoring framework for informal sector small business loans. (Tech: Business Analysis, Financial Modeling, Power BI)","Bio: Interested in Cloud Computing, FinTech, and Disaster Tech. Active hackathon builder.. Branch: MBA. Year: 4th Year. Skills: Market Research, Salesforce, Business Analysis, Power BI, Agile/Scrum, Product Management, Rapid Prototyping. Interests: Cloud Computing, FinTech, Disaster Tech. Domains: Agritech, FinTech, AI/ML. Projects: Project: D2C Brand Customer Retention Engine. Desc: Cohort analysis dashboard identifying high LTV buyer segments. (Tech: Salesforce, Strategic Planning, Agile/Scrum) | Project: EdTech B2B Market Entry Strategy. Desc: Go-to-market analysis and financial projection for tier-3 Indian college sales. (Tech: Product Management, Market Research, Financial Modeling, Presentation) | Project: FinTech Micro-Credit Risk Matrix. Desc: Credit scoring framework for informal sector small business loans. (Tech: Business Analysis, Financial Modeling, Power BI)",0,0,0,0,0,0,0,0,0,0,0,0,0,0,0,0,0,0,0,1,0,0,0,0,0,0,0,1,0,0,0,1,0
bf5c6dbf-7b36-4028-b03b-7b4abbf3532f,10,3,2,3,11,5,0,11,421,28,64,88,"Python, PostgreSQL, React, Node.js, Docker, AWS, Full Stack Development, Software Engineering, Git, Communication","Defence, Industry 4.0, Automation","Agritech, Civil","Project: Automated CI/CD Deployment Suite. Desc: Dockerized deployment pipeline with automated unit testing. (Tech: AWS, Docker, Git, Python) | Project: Realtime Event Management Portal. Desc: Full stack portal with QR ticket validation and live attendance. (Tech: Node.js, React, MongoDB, Express.js) | Project: Scalable Microservices E-Commerce API. Desc: Decoupled backend API handling inventory management and payments. (Tech: Java, Spring Boot, PostgreSQL, Docker)","Bio: MCA student at IIT Madras passionate about Defence and Industry 4.0.. Branch: MCA. Year: 3rd Year. Skills: Python, PostgreSQL, React, Node.js, Docker, AWS, Full Stack Development, Software Engineering, Git, Communication. Interests: Defence, Industry 4.0, Automation. Domains: Agritech, Civil. Projects: Project: Automated CI/CD Deployment Suite. Desc: Dockerized deployment pipeline with automated unit testing. (Tech: AWS, Docker, Git, Python) | Project: Realtime Event Management Portal. Desc: Full stack portal with QR ticket validation and live attendance. (Tech: Node.js, React, MongoDB, Express.js) | Project: Scalable Microservices E-Commerce API. Desc: Decoupled backend API handling inventory management and payments. (Tech: Java, Spring Boot, PostgreSQL, Docker)",0,0,0,0,0,0,0,0,0,0,0,0,0,0,0,0,0,0,0,0,1,0,0,0,0,0,1,0,0,0,0,0,1
b94ac878-a11a-4440-8721-86ece96b9784,9,3,3,0,0,4,0,20,304,32,54,72,"Node.js, Python, Docker, PostgreSQL, Software Engineering, Git, Full Stack Development, Presentation, Communication","Smart Agriculture, Social Impact, Nanotechnology","FinTech, Healthcare, EdTech",,"Bio: Building sustainable and scalable solutions in Smart Agriculture. 1st Year at VIT.. Branch: MCA. Year: 1st Year. Skills: Node.js, Python, Docker, PostgreSQL, Software Engineering, Git, Full Stack Development, Presentation, Communication. Interests: Smart Agriculture, Social Impact, Nanotechnology. Domains: FinTech, Healthcare, EdTech. Projects:",0,0,0,0,0,0,0,0,0,0,0,0,0,0,0,0,0,0,0,0,1,0,0,0,1,0,0,0,0,0,1,0,0
132eafd1-24b7-4dd8-b703-0907cb2db46e,10,3,3,2,8,2,0,26,340,31,78,70,"Java, PostgreSQL, Full Stack Development, Software Engineering, AWS, Git, Docker, Python, React, Communication","Cloud Computing, Industry 4.0, Quantum Computing","EV, Design, EdTech","Project: Realtime Event Management Portal. Desc: Full stack portal with QR ticket validation and live attendance. (Tech: Node.js, React, MongoDB, Express.js) | Project: Scalable Microservices E-Commerce API. Desc: Decoupled backend API handling inventory management and payments. (Tech: Java, Spring Boot, PostgreSQL, Docker)","Bio: Interested in Cloud Computing, Industry 4.0, and Quantum Computing. Active hackathon builder.. Branch: MCA. Year: 3rd Year. Skills: Java, PostgreSQL, Full Stack Development, Software Engineering, AWS, Git, Docker, Python, React, Communication. Interests: Cloud Computing, Industry 4.0, Quantum Computing. Domains: EV, Design, EdTech. Projects: Project: Realtime Event Management Portal. Desc: Full stack portal with QR ticket validation and live attendance. (Tech: Node.js, React, MongoDB, Express.js) | Project: Scalable Microservices E-Commerce API. Desc: Decoupled backend API handling inventory management and payments. (Tech: Java, Spring Boot, PostgreSQL, Docker)",0,0,0,0,0,0,0,0,0,0,0,0,0,0,0,0,0,0,0,0,1,0,0,0,0,0,1,0,0,1,0,0,0
