id,name,username,email,university,college,location,branch,year,status,bio,skills,interests,domains,projects,hackathonsParticipated,hackathonsWon,githubStats,profileCompletion
b4c077d2-148e-42f9-bc80-1515091459a8,Arjun Sharma,arjun_sharma_91,arjun.sharma@b2b2h.com,Government College of Technology,GCT,"Coimbatore, Tamil Nadu",Computer Science Engineering,2nd Year,LOOKING_FOR_TEAM,Computer Science Engineering student at GCT passionate about Thermal Systems and Synthetic Biology.,"[""JavaScript"", ""Git"", ""C++"", ""Java"", ""PostgreSQL"", ""TypeScript"", ""Kubernetes"", ""Problem Solving""]","[""Thermal Systems"", ""Synthetic Biology"", ""Robotics"", ""Hydroponics""]","[""Logistics"", ""Mechanical""]","[{""name"": ""Microservice Telemetry Mesh"", ""desc"": ""Observability suite with metrics tracing and fault injection for web microservices."", ""tech"": [""Go"", ""Docker"", ""PostgreSQL"", ""Prometheus""], ""role"": ""Software Engineer""}, {""name"": ""Realtime Collaborative IDE"", ""desc"": ""In-browser multi-user IDE supporting live operational transformation."", ""tech"": [""TypeScript"", ""Node.js"", ""WebSockets"", ""React""], ""role"": ""Software Engineer""}, {""name"": ""Cloud Native Compiler Platform"", ""desc"": ""Distributed remote code execution engine with container sandbox isolation."", ""tech"": [""Python"", ""Docker"", ""Kubernetes"", ""React""], ""role"": ""Software Engineer""}, {""name"": ""Low-Latency Micro-Ledger"", ""desc"": ""High-throughput audit transaction engine with cryptographic proofs."", ""tech"": [""Rust"", ""PostgreSQL"", ""Docker""], ""role"": ""Software Engineer""}]",0,0,"{""repos"": 11, ""commits"": 434, ""stars"": 0, ""followers"": 22, ""following"": 49}",72
389062fe-a5c8-4f8d-ab5a-72f522fa00fa,Priya Reddy,priya_reddy_58,priya.reddy@b2b2h.com,Government College of Technology,GCT,"Coimbatore, Tamil Nadu",Computer Science Engineering,4th Year,LOOKING_FOR_MEMBERS,Building sustainable and scalable solutions in FinTech. 4th Year at GCT.,"[""Docker"", ""TypeScript"", ""Python"", ""FastAPI"", ""Java"", ""JavaScript"", ""Git"", ""Kubernetes"", ""Communication"", ""Ideation""]","[""FinTech"", ""Automation"", ""Defence"", ""Bioinformatics"", ""Quantum Computing""]","[""Aerospace"", ""Cybersecurity"", ""Logistics""]","[{""name"": ""Realtime Collaborative IDE"", ""desc"": ""In-browser multi-user IDE supporting live operational transformation."", ""tech"": [""TypeScript"", ""Node.js"", ""WebSockets"", ""React""], ""role"": ""Software Engineer""}, {""name"": ""Cloud Native Compiler Platform"", ""desc"": ""Distributed remote code execution engine with container sandbox isolation."", ""tech"": [""Python"", ""Docker"", ""Kubernetes"", ""React""], ""role"": ""Software Engineer""}]",4,1,"{""repos"": 11, ""commits"": 379, ""stars"": 43, ""followers"": 11, ""following"": 43}",78
8d64530c-b109-44d6-898f-58a15a3429d0,Tarun Sengupta,tarun_sengupta_91,tarun.sengupta@b2b2h.com,National Institute of Technology Tiruchirappalli,NIT Trichy,"Tiruchirappalli, Tamil Nadu",Computer Science Engineering,2nd Year,OPEN_TO_INVITES,"Interested in Precision Agriculture, Wearable Tech, and Nanotechnology. Active hackathon builder.","[""Python"", ""JavaScript"", ""Git"", ""React"", ""Node.js"", ""C++"", ""Docker"", ""Java"", ""Team Leadership"", ""Rapid Prototyping""]","[""Precision Agriculture"", ""Wearable Tech"", ""Nanotechnology"", ""Manufacturing"", ""Gaming"", ""Hydrology""]","[""EdTech"", ""AI/ML"", ""FinTech""]","[{""name"": ""Low-Latency Micro-Ledger"", ""desc"": ""High-throughput audit transaction engine with cryptographic proofs."", ""tech"": [""Rust"", ""PostgreSQL"", ""Docker""], ""role"": ""Software Engineer""}, {""name"": ""Microservice Telemetry Mesh"", ""desc"": ""Observability suite with metrics tracing and fault injection for web microservices."", ""tech"": [""Go"", ""Docker"", ""PostgreSQL"", ""Prometheus""], ""role"": ""Software Engineer""}, {""name"": ""Realtime Collaborative IDE"", ""desc"": ""In-browser multi-user IDE supporting live operational transformation."", ""tech"": [""TypeScript"", ""Node.js"", ""WebSockets"", ""React""], ""role"": ""Software Engineer""}, {""name"": ""Cloud Native Compiler Platform"", ""desc"": ""Distributed remote code execution engine with container sandbox isolation."", ""tech"": [""Python"", ""Docker"", ""Kubernetes"", ""React""], ""role"": ""Software Engineer""}]",1,1,"{""repos"": 28, ""commits"": 368, ""stars"": 27, ""followers"": 78, ""following"": 9}",91
dd0434a4-56fe-447b-b4a9-5d07504606b3,Meenakshi Sundaram,meenakshi_sundaram_24,meenakshi.sundaram@b2b2h.com,National Institute of Technology Tiruchirappalli,NIT Trichy,"Tiruchirappalli, Tamil Nadu",Information Technology,1st Year,LOOKING_FOR_MEMBERS,Information Technology student at NIT Trichy passionate about NLP and Embedded Systems.,"[""Python"", ""Vue.js"", ""MySQL"", ""React"", ""Angular"", ""Java"", ""MongoDB"", ""Tailwind CSS"", ""Communication""]","[""NLP"", ""Embedded Systems"", ""Avionics"", ""Artificial Intelligence"", ""High Performance Computing""]","[""Design"", ""Web"", ""FinTech""]","[{""name"": ""Peer-to-Peer Notes Sharing Network"", ""desc"": ""Decentralized file-sharing network for academic study materials."", ""tech"": [""Node.js"", ""MongoDB"", ""React""], ""role"": ""Full Stack Developer""}]",1,0,"{""repos"": 4, ""commits"": 143, ""stars"": 36, ""followers"": 12, ""following"": 10}",91
075a80d5-043a-4b43-bdea-b48fad26e8ff,Devendra Pillai,devendra_pillai_70,devendra.pillai@b2b2h.com,National Institute of Technology Tiruchirappalli,NIT Trichy,"Tiruchirappalli, Tamil Nadu",Information Technology,3rd Year,OPEN_TO_INVITES,Building sustainable and scalable solutions in Agritech. 3rd Year at NIT Trichy.,"[""AWS"", ""REST API"", ""MySQL"", ""Angular"", ""Vue.js"", ""Express.js"", ""Python"", ""Rapid Prototyping"", ""Presentation""]","[""Agritech"", ""Microelectronics"", ""Generative AI"", ""Digital Twins""]","[""IoT"", ""Logistics"", ""Web"", ""AI/ML""]","[{""name"": ""Campus Smart Resource Portal"", ""desc"": ""Centralized platform for equipment booking, library tracking, and hall scheduling."", ""tech"": [""React"", ""Express.js"", ""MongoDB"", ""Node.js""], ""role"": ""Full Stack Developer""}, {""name"": ""Peer-to-Peer Notes Sharing Network"", ""desc"": ""Decentralized file-sharing network for academic study materials."", ""tech"": [""Node.js"", ""MongoDB"", ""React""], ""role"": ""Full Stack Developer""}]",0,0,"{""repos"": 0, ""commits"": 0, ""stars"": 0, ""followers"": 0, ""following"": 0}",86
2434dd7a-db32-4b60-8025-8a694d181b79,Pooja Rao,pooja_rao_40,pooja.rao@b2b2h.com,Anna University Regional Campus,Anna University,"Chennai, Tamil Nadu",Information Technology,1st Year,IN_TEAM,"Interested in Supply Chain, Assistive Tech, and Sustainable Materials. Active hackathon builder.","[""AWS"", ""React"", ""MongoDB"", ""Angular"", ""MySQL"", ""Tailwind CSS"", ""Team Leadership"", ""Problem Solving""]","[""Supply Chain"", ""Assistive Tech"", ""Sustainable Materials"", ""Blockchain"", ""Autonomous Driving""]","[""FinTech"", ""AI/ML"", ""Civil"", ""Aerospace""]",[],3,0,"{""repos"": 9, ""commits"": 117, ""stars"": 34, ""followers"": 59, ""following"": 13}",77
c2340382-6c27-4270-9883-0b8b961fe8c0,Pranav Bhattacharya,pranav_bhattacharya_19,pranav.bhattacharya@b2b2h.com,SASTRA Deemed University,SASTRA,"Thanjavur, Tamil Nadu",Artificial Intelligence & Data Science,4th Year,OFFLINE,Artificial Intelligence & Data Science student at SASTRA passionate about Wearable Tech and Healthcare.,"[""Python"", ""Prompt Engineering"", ""Tableau"", ""R"", ""Team Leadership""]","[""Wearable Tech"", ""Healthcare"", ""Cloud Computing"", ""Bioinformatics""]","[""Civil"", ""CleanTech""]","[{""name"": ""Financial Fraud Detector"", ""desc"": ""Real-time stream transaction anomaly classification using ensemble models."", ""tech"": [""Python"", ""Scikit-Learn"", ""SQL"", ""Pandas""], ""role"": ""Data Scientist""}, {""name"": ""Automated Medical Image Classifier"", ""desc"": ""Diagnostic assistant for chest X-ray abnormalities using deep convolutional nets."", ""tech"": [""Python"", ""PyTorch"", ""OpenCV"", ""FastAPI""], ""role"": ""Data Scientist""}]",4,0,"{""repos"": 25, ""commits"": 394, ""stars"": 35, ""followers"": 64, ""following"": 14}",93
a9e6c11c-3ef9-49c5-89a2-63fe46ab235c,Shreya Varma,shreya_varma_79,shreya.varma@b2b2h.com,PSG College of Technology,PSG Tech,"Coimbatore, Tamil Nadu",Artificial Intelligence & Data Science,2nd Year,LOOKING_FOR_MEMBERS,Building sustainable and scalable solutions in High Performance Computing. 2nd Year at PSG Tech.,"[""Python"", ""SQL"", ""NLP"", ""Problem Solving""]","[""High Performance Computing"", ""Agritech"", ""Web3""]","[""FinTech"", ""IoT"", ""AI/ML""]","[{""name"": ""Financial Fraud Detector"", ""desc"": ""Real-time stream transaction anomaly classification using ensemble models."", ""tech"": [""Python"", ""Scikit-Learn"", ""SQL"", ""Pandas""], ""role"": ""Data Scientist""}, {""name"": ""Automated Medical Image Classifier"", ""desc"": ""Diagnostic assistant for chest X-ray abnormalities using deep convolutional nets."", ""tech"": [""Python"", ""PyTorch"", ""OpenCV"", ""FastAPI""], ""role"": ""Data Scientist""}, {""name"": ""Customer Churn Predictive Pipeline"", ""desc"": ""End-to-end data pipeline feeding retention forecasters."", ""tech"": [""Python"", ""Tableau"", ""SQL"", ""R""], ""role"": ""Data Scientist""}]",2,0,"{""repos"": 0, ""commits"": 0, ""stars"": 0, ""followers"": 0, ""following"": 0}",82
e74cd5e6-4aad-460f-9ec1-a6eac48a4a58,Aditya Kulkarni,aditya_kulkarni_26,aditya.kulkarni@b2b2h.com,Manipal Institute of Technology,Manipal,"Manipal, Karnataka",Artificial Intelligence & Data Science,4th Year,LOOKING_FOR_MEMBERS,"Interested in NLP, Social Impact, and Embedded Systems. Active hackathon builder.","[""Scikit-Learn"", ""R"", ""Python"", ""NLP"", ""Pandas"", ""OpenCV"", ""Prompt Engineering"", ""Tableau"", ""PyTorch"", ""TensorFlow"", ""Team Leadership"", ""Presentation""]","[""NLP"", ""Social Impact"", ""Embedded Systems"", ""Logistics"", ""Telemedicine""]","[""Product"", ""Web"", ""EV"", ""Biotech""]","[{""name"": ""Automated Medical Image Classifier"", ""desc"": ""Diagnostic assistant for chest X-ray abnormalities using deep convolutional nets."", ""tech"": [""Python"", ""PyTorch"", ""OpenCV"", ""FastAPI""], ""role"": ""Data Scientist""}, {""name"": ""Customer Churn Predictive Pipeline"", ""desc"": ""End-to-end data pipeline feeding retention forecasters."", ""tech"": [""Python"", ""Tableau"", ""SQL"", ""R""], ""role"": ""Data Scientist""}, {""name"": ""Financial Fraud Detector"", ""desc"": ""Real-time stream transaction anomaly classification using ensemble models."", ""tech"": [""Python"", ""Scikit-Learn"", ""SQL"", ""Pandas""], ""role"": ""Data Scientist""}]",2,0,"{""repos"": 0, ""commits"": 0, ""stars"": 0, ""followers"": 0, ""following"": 0}",89
88b163f6-0154-462a-85b1-8dccb2071ff2,Ritu Choudhury,ritu_choudhury_36,ritu.choudhury@b2b2h.com,Madras Institute of Technology,MIT Chennai,"Chennai, Tamil Nadu",Artificial Intelligence & Machine Learning,3rd Year,OPEN_TO_INVITES,Artificial Intelligence & Machine Learning student at MIT Chennai passionate about Micro-Mobility and Supply Chain.,"[""LlamaIndex"", ""HuggingFace"", ""LangChain"", ""Python"", ""CrewAI"", ""RAG"", ""Deep Learning"", ""Problem Solving"", ""Communication""]","[""Micro-Mobility"", ""Supply Chain"", ""Hydroponics"", ""Machine Learning"", ""ClimateTech"", ""EdTech""]","[""Healthcare"", ""AI/ML"", ""Aerospace"", ""EV""]","[{""name"": ""Agentic Research Assistant"", ""desc"": ""Autonomous multi-agent system summarizing research papers into structured graphs."", ""tech"": [""Python"", ""LangChain"", ""Agentic AI"", ""RAG"", ""CrewAI""], ""role"": ""AI Engineer""}, {""name"": ""Local Multi-Modal RAG Engine"", ""desc"": ""Privacy-focused document Q&A runner using local quantized LLMs."", ""tech"": [""Python"", ""LlamaIndex"", ""Vector Embeddings"", ""HuggingFace""], ""role"": ""AI Engineer""}]",0,0,"{""repos"": 0, ""commits"": 0, ""stars"": 0, ""followers"": 0, ""following"": 0}",98
f65e9bc5-57b3-4f96-ab99-5e425d46456e,Akash Deshmukh,akash_deshmukh_55,akash.deshmukh@b2b2h.com,Kongu Engineering College,Kongu,"Erode, Tamil Nadu",Artificial Intelligence & Machine Learning,1st Year,OPEN_TO_INVITES,Building sustainable and scalable solutions in DevOps. 1st Year at Kongu.,"[""RAG"", ""LlamaIndex"", ""Agentic AI"", ""TensorFlow"", ""Team Leadership""]","[""DevOps"", ""Satellite Communication"", ""Assistive Tech""]","[""IoT"", ""CleanTech"", ""Cybersecurity"", ""Civil""]","[{""name"": ""Agentic Research Assistant"", ""desc"": ""Autonomous multi-agent system summarizing research papers into structured graphs."", ""tech"": [""Python"", ""LangChain"", ""Agentic AI"", ""RAG"", ""CrewAI""], ""role"": ""AI Engineer""}, {""name"": ""Neural Code Refactoring Agent"", ""desc"": ""Autonomous code cleanup tool using fine-tuned transformer architectures."", ""tech"": [""Python"", ""PyTorch"", ""Prompt Engineering"", ""FastAPI""], ""role"": ""AI Engineer""}, {""name"": ""Local Multi-Modal RAG Engine"", ""desc"": ""Privacy-focused document Q&A runner using local quantized LLMs."", ""tech"": [""Python"", ""LlamaIndex"", ""Vector Embeddings"", ""HuggingFace""], ""role"": ""AI Engineer""}]",2,0,"{""repos"": 0, ""commits"": 0, ""stars"": 0, ""followers"": 0, ""following"": 0}",96
68850a10-ff2d-4844-b456-e19c970488a0,Sneha Mehta,sneha_mehta_39,sneha.mehta@b2b2h.com,Thiagarajar College of Engineering,Thiagarajar,"Madurai, Tamil Nadu",Artificial Intelligence & Machine Learning,3rd Year,LOOKING_FOR_TEAM,"Interested in Precision Agriculture, Drone Technology, and IoT. Active hackathon builder.","[""Agentic AI"", ""RAG"", ""LangChain"", ""PyTorch"", ""Vector Embeddings"", ""TensorFlow"", ""Communication"", ""Ideation""]","[""Precision Agriculture"", ""Drone Technology"", ""IoT"", ""Sustainability""]","[""Mechanical"", ""Aerospace"", ""Agritech"", ""Robotics""]","[{""name"": ""Neural Code Refactoring Agent"", ""desc"": ""Autonomous code cleanup tool using fine-tuned transformer architectures."", ""tech"": [""Python"", ""PyTorch"", ""Prompt Engineering"", ""FastAPI""], ""role"": ""AI Engineer""}, {""name"": ""Agentic Research Assistant"", ""desc"": ""Autonomous multi-agent system summarizing research papers into structured graphs."", ""tech"": [""Python"", ""LangChain"", ""Agentic AI"", ""RAG"", ""CrewAI""], ""role"": ""AI Engineer""}, {""name"": ""Local Multi-Modal RAG Engine"", ""desc"": ""Privacy-focused document Q&A runner using local quantized LLMs."", ""tech"": [""Python"", ""LlamaIndex"", ""Vector Embeddings"", ""HuggingFace""], ""role"": ""AI Engineer""}]",5,0,"{""repos"": 0, ""commits"": 0, ""stars"": 0, ""followers"": 0, ""following"": 0}",83
8b45903d-f859-457f-8517-b7b0cb85a48a,Siddharth Banerjee,siddharth_banerjee_10,siddharth.banerjee@b2b2h.com,Karunya Institute of Technology and Sciences,Karunya,"Coimbatore, Tamil Nadu",Electronics & Communication Engineering,2nd Year,OFFLINE,Electronics & Communication Engineering student at Karunya passionate about Wearable Tech and E-Commerce.,"[""STM32"", ""ESP32"", ""C++"", ""Signal Processing"", ""Verilog"", ""Arduino"", ""Communication""]","[""Wearable Tech"", ""E-Commerce"", ""Micro-Mobility"", ""Electric Vehicles"", ""Research""]","[""Civil"", ""Cybersecurity"", ""EV""]","[{""name"": ""SDR Ground Station Decoder"", ""desc"": ""Software defined radio receiver tracking weather satellites in orbit."", ""tech"": [""C++"", ""MATLAB"", ""Signal Processing"", ""FPGA""], ""role"": ""Embedded Engineer""}, {""name"": ""LoRaWAN Mesh Weather Array"", ""desc"": ""Long-range distributed environmental sensor node mesh for agriculture."", ""tech"": [""ESP32"", ""Arduino"", ""PCB Design"", ""C++""], ""role"": ""Embedded Engineer""}, {""name"": ""Smart ECG Telemetry Patch"", ""desc"": ""Low-power wearable biosensor broadcasting real-time arrhythmia warnings."", ""tech"": [""Embedded C"", ""STM32"", ""PCB Design"", ""BLE""], ""role"": ""Embedded Engineer""}]",3,2,"{""repos"": 12, ""commits"": 166, ""stars"": 13, ""followers"": 57, ""following"": 42}",86
f1371c2b-d4f4-49e6-af42-977e4a370bf5,Tanvi Hegde,tanvi_hegde_70,tanvi.hegde@b2b2h.com,KPR Institute of Engineering and Technology,KPR,"Coimbatore, Tamil Nadu",Electronics & Communication Engineering,4th Year,LOOKING_FOR_TEAM,Building sustainable and scalable solutions in Green Building. 4th Year at KPR.,"[""Verilog"", ""FPGA"", ""VHDL"", ""STM32"", ""C++"", ""ESP32"", ""Arduino"", ""Team Leadership"", ""Communication""]","[""Green Building"", ""Telemedicine"", ""EdTech"", ""Green Mobility""]","[""Robotics"", ""Civil"", ""Design""]","[{""name"": ""Smart ECG Telemetry Patch"", ""desc"": ""Low-power wearable biosensor broadcasting real-time arrhythmia warnings."", ""tech"": [""Embedded C"", ""STM32"", ""PCB Design"", ""BLE""], ""role"": ""Embedded Engineer""}, {""name"": ""SDR Ground Station Decoder"", ""desc"": ""Software defined radio receiver tracking weather satellites in orbit."", ""tech"": [""C++"", ""MATLAB"", ""Signal Processing"", ""FPGA""], ""role"": ""Embedded Engineer""}]",4,0,"{""repos"": 23, ""commits"": 372, ""stars"": 0, ""followers"": 15, ""following"": 32}",77
26223b4e-f7fb-44af-b779-ee91d39509a7,Manish Roy,manish_roy_25,manish.roy@b2b2h.com,SASTRA Deemed University,SASTRA,"Thanjavur, Tamil Nadu",Electronics & Communication Engineering,2nd Year,OPEN_TO_INVITES,"Interested in EdTech, DeepTech, and Web3. Active hackathon builder.","[""FPGA"", ""Verilog"", ""Signal Processing"", ""STM32"", ""Arduino"", ""PCB Design"", ""VHDL"", ""ESP32"", ""Simulink"", ""MATLAB"", ""Team Leadership"", ""Rapid Prototyping""]","[""EdTech"", ""DeepTech"", ""Web3"", ""BioTech"", ""Satellite Communication"", ""Autonomous Systems""]","[""EdTech"", ""Healthcare"", ""Product"", ""FinTech""]","[{""name"": ""LoRaWAN Mesh Weather Array"", ""desc"": ""Long-range distributed environmental sensor node mesh for agriculture."", ""tech"": [""ESP32"", ""Arduino"", ""PCB Design"", ""C++""], ""role"": ""Embedded Engineer""}, {""name"": ""SDR Ground Station Decoder"", ""desc"": ""Software defined radio receiver tracking weather satellites in orbit."", ""tech"": [""C++"", ""MATLAB"", ""Signal Processing"", ""FPGA""], ""role"": ""Embedded Engineer""}, {""name"": ""Smart ECG Telemetry Patch"", ""desc"": ""Low-power wearable biosensor broadcasting real-time arrhythmia warnings."", ""tech"": [""Embedded C"", ""STM32"", ""PCB Design"", ""BLE""], ""role"": ""Embedded Engineer""}]",1,0,"{""repos"": 25, ""commits"": 129, ""stars"": 4, ""followers"": 55, ""following"": 31}",96
3aa9e83f-9407-49dd-bb68-44e046573db9,Divya Menon,divya_menon_63,divya.menon@b2b2h.com,Vellore Institute of Technology,VIT,"Vellore, Tamil Nadu",Electrical Engineering,1st Year,OFFLINE,Electrical Engineering student at VIT passionate about Smart Infrastructure and Manufacturing.,"[""Proteus"", ""Power Electronics"", ""Control Systems"", ""Presentation""]","[""Smart Infrastructure"", ""Manufacturing"", ""BioTech"", ""Industry 4.0""]","[""Web"", ""Civil"", ""Agritech""]","[{""name"": ""Microgrid Solar Power Inverter"", ""desc"": ""Grid-tied inverter with maximum power point tracking and SCADA monitoring."", ""tech"": [""PLC"", ""SCADA"", ""Simulink"", ""MATLAB""], ""role"": ""Electrical Systems Engineer""}, {""name"": ""Industrial Automation Conveyor Guard"", ""desc"": ""Safety Interlock and speed regulator for heavy material handling."", ""tech"": [""PLC"", ""LabVIEW"", ""Control Systems""], ""role"": ""Electrical Systems Engineer""}, {""name"": ""EV Smart Charging Load Balancer"", ""desc"": ""Dynamic load distribution controller preventing sub-station overloads."", ""tech"": [""Siemens TIA Portal"", ""PLC"", ""Power Electronics""], ""role"": ""Electrical Systems Engineer""}]",5,1,"{""repos"": 0, ""commits"": 0, ""stars"": 0, ""followers"": 0, ""following"": 0}",91
e649d778-4f86-4007-9cb7-ebe51f531c66,Abhinav Narayan,abhinav_narayan_13,abhinav.narayan@b2b2h.com,Coimbatore Institute of Technology,CIT,"Coimbatore, Tamil Nadu",Electrical Engineering,3rd Year,IN_TEAM,Building sustainable and scalable solutions in MedTech. 3rd Year at CIT.,"[""Control Systems"", ""Siemens TIA Portal"", ""PLC"", ""MATLAB"", ""LabVIEW"", ""Team Leadership"", ""Rapid Prototyping""]","[""MedTech"", ""FinTech"", ""Green Building"", ""Generative AI"", ""Embedded Systems"", ""Blockchain""]","[""IoT"", ""EdTech"", ""AI/ML""]","[{""name"": ""Industrial Automation Conveyor Guard"", ""desc"": ""Safety Interlock and speed regulator for heavy material handling."", ""tech"": [""PLC"", ""LabVIEW"", ""Control Systems""], ""role"": ""Electrical Systems Engineer""}, {""name"": ""Microgrid Solar Power Inverter"", ""desc"": ""Grid-tied inverter with maximum power point tracking and SCADA monitoring."", ""tech"": [""PLC"", ""SCADA"", ""Simulink"", ""MATLAB""], ""role"": ""Electrical Systems Engineer""}, {""name"": ""EV Smart Charging Load Balancer"", ""desc"": ""Dynamic load distribution controller preventing sub-station overloads."", ""tech"": [""Siemens TIA Portal"", ""PLC"", ""Power Electronics""], ""role"": ""Electrical Systems Engineer""}]",6,1,"{""repos"": 3, ""commits"": 338, ""stars"": 9, ""followers"": 32, ""following"": 13}",78
7f3eecd2-0620-4f87-83c0-3604e8bbeb96,Kriti Nair,kriti_nair_57,kriti.nair@b2b2h.com,KPR Institute of Engineering and Technology,KPR,"Coimbatore, Tamil Nadu",Electrical Engineering,1st Year,OFFLINE,"Interested in Sustainability, Logistics, and High Performance Computing. Active hackathon builder.","[""Siemens TIA Portal"", ""MATLAB"", ""SCADA"", ""PLC"", ""Ideation"", ""Rapid Prototyping""]","[""Sustainability"", ""Logistics"", ""High Performance Computing"", ""Renewable Energy""]","[""AI/ML"", ""Aerospace"", ""Mechanical"", ""Agritech""]",[],5,0,"{""repos"": 23, ""commits"": 194, ""stars"": 0, ""followers"": 55, ""following"": 36}",98
2b9a90d7-2e2e-4096-b75d-70225b6167e0,Srikant Mukherjee,srikant_mukherjee_68,srikant.mukherjee@b2b2h.com,Kumaraguru College of Technology,Kumaraguru,"Coimbatore, Tamil Nadu",Mechanical Engineering,4th Year,IN_TEAM,Mechanical Engineering student at Kumaraguru passionate about Digital Health and CleanTech.,"[""FEA"", ""ANSYS"", ""Thermodynamics"", ""3D Printing"", ""Creo"", ""Communication"", ""Ideation""]","[""Digital Health"", ""CleanTech"", ""Sustainable Materials"", ""Waste Management"", ""Telemedicine""]","[""Civil"", ""Agritech"", ""Web"", ""IoT""]","[{""name"": ""Generative Drone Frame Assembly"", ""desc"": ""Weight-minimized carbon composite arm joint created via generative CAD."", ""tech"": [""CATIA"", ""Creo"", ""GD&T""], ""role"": ""CAD Engineer""}, {""name"": ""Autonomous Agricultural Rover Chassis"", ""desc"": ""Lightweight FEA-optimized structural frame for field robotics."", ""tech"": [""SolidWorks"", ""ANSYS"", ""FEA"", ""3D Printing""], ""role"": ""CAD Engineer""}, {""name"": ""EV Battery Thermal Management System"", ""desc"": ""Liquid cooling plate design evaluated using computational fluid dynamics."", ""tech"": [""Fusion 360"", ""CFD"", ""Heat Transfer"", ""Thermodynamics""], ""role"": ""CAD Engineer""}]",1,0,"{""repos"": 9, ""commits"": 201, ""stars"": 16, ""followers"": 45, ""following"": 22}",93
04988768-5f3f-4001-b1e2-cccf6434f729,Anjali Gupta,anjali_gupta_62,anjali.gupta@b2b2h.com,Amrita Vishwa Vidyapeetham,Amrita,"Coimbatore, Tamil Nadu",Mechanical Engineering,2nd Year,OFFLINE,Building sustainable and scalable solutions in Green Building. 2nd Year at Amrita.,"[""3D Printing"", ""Thermodynamics"", ""CFD"", ""SolidWorks"", ""FEA"", ""CATIA"", ""Rapid Prototyping""]","[""Green Building"", ""Micro-Mobility"", ""Avionics"", ""Renewable Grid"", ""Supply Chain""]","[""Logistics"", ""Agritech"", ""Aerospace"", ""Design""]","[{""name"": ""Generative Drone Frame Assembly"", ""desc"": ""Weight-minimized carbon composite arm joint created via generative CAD."", ""tech"": [""CATIA"", ""Creo"", ""GD&T""], ""role"": ""CAD Engineer""}]",6,1,"{""repos"": 11, ""commits"": 138, ""stars"": 7, ""followers"": 26, ""following"": 25}",75
44011eff-1033-4636-b423-249db19d35c4,Arvind Kapoor,arvind_kapoor_34,arvind.kapoor@b2b2h.com,Kongu Engineering College,Kongu,"Erode, Tamil Nadu",Mechanical Engineering,4th Year,IN_TEAM,"Interested in Quantum Computing, Cybersecurity, and Blockchain. Active hackathon builder.","[""CFD"", ""FEA"", ""ANSYS"", ""Fusion 360"", ""CNC Programming"", ""3D Printing"", ""CATIA"", ""Presentation""]","[""Quantum Computing"", ""Cybersecurity"", ""Blockchain"", ""Micro-Mobility""]","[""Healthcare"", ""Design"", ""FinTech""]","[{""name"": ""EV Battery Thermal Management System"", ""desc"": ""Liquid cooling plate design evaluated using computational fluid dynamics."", ""tech"": [""Fusion 360"", ""CFD"", ""Heat Transfer"", ""Thermodynamics""], ""role"": ""CAD Engineer""}]",1,1,"{""repos"": 18, ""commits"": 265, ""stars"": 28, ""followers"": 45, ""following"": 16}",96
0e5fe7e2-af95-46e2-bf8f-a08bcb198d14,Pallavi Saxena,pallavi_saxena_18,pallavi.saxena@b2b2h.com,Vellore Institute of Technology,VIT,"Vellore, Tamil Nadu",Civil Engineering,3rd Year,IN_TEAM,Civil Engineering student at VIT passionate about Synthetic Biology and High Performance Computing.,"[""Hydrology"", ""STAAD Pro"", ""SAP2000"", ""ETABS"", ""Problem Solving"", ""Team Leadership""]","[""Synthetic Biology"", ""High Performance Computing"", ""Smart Grids"", ""Manufacturing"", ""Geo-Tech"", ""Bioinformatics""]","[""Biotech"", ""EV"", ""Mechanical""]","[{""name"": ""Sustainable Campus Stormwater Network"", ""desc"": ""Hydrological runoff model and underground retention reservoir plan."", ""tech"": [""AutoCAD Civil 3D"", ""GIS"", ""Hydrology""], ""role"": ""Structural Engineer""}, {""name"": ""Seismic Resilient High-Rise Frame"", ""desc"": ""30-story structural concrete core modeled under dynamic earthquake loading."", ""tech"": [""ETABS"", ""STAAD Pro"", ""Structural Analysis""], ""role"": ""Structural Engineer""}]",1,0,"{""repos"": 4, ""commits"": 332, ""stars"": 6, ""followers"": 28, ""following"": 45}",75
8e6faa10-2480-4c61-97e1-c320efa565fd,Harish Joshi,harish_joshi_80,harish.joshi@b2b2h.com,Coimbatore Institute of Technology,CIT,"Coimbatore, Tamil Nadu",Civil Engineering,1st Year,OPEN_TO_INVITES,Building sustainable and scalable solutions in Automation. 1st Year at CIT.,"[""Structural Analysis"", ""BIM (Building Information Modeling)"", ""GIS"", ""Problem Solving"", ""Team Leadership""]","[""Automation"", ""Drone Technology"", ""VLSI""]","[""Robotics"", ""Mechanical"", ""FinTech"", ""CleanTech""]",[],4,0,"{""repos"": 11, ""commits"": 443, ""stars"": 9, ""followers"": 11, ""following"": 8}",93
261a2b64-84c8-4f62-aab8-f89183729d9f,Bhavana Malhotra,bhavana_malhotra_82,bhavana.malhotra@b2b2h.com,College of Engineering Guindy,CEG,"Chennai, Tamil Nadu",Civil Engineering,3rd Year,IN_TEAM,"Interested in Synthetic Biology, MedTech, and Robotics. Active hackathon builder.","[""BIM (Building Information Modeling)"", ""AutoCAD Civil 3D"", ""Structural Analysis"", ""SAP2000"", ""Rapid Prototyping"", ""Problem Solving""]","[""Synthetic Biology"", ""MedTech"", ""Robotics"", ""SpaceTech"", ""Automation""]","[""Web"", ""CleanTech"", ""AI/ML"", ""Civil""]","[{""name"": ""Prefabricated Modular Housing BIM Model"", ""desc"": ""Fully parametric building information model for rapid disaster shelter deployment."", ""tech"": [""Revit"", ""BIM (Building Information Modeling)"", ""SAP2000""], ""role"": ""Structural Engineer""}, {""name"": ""Sustainable Campus Stormwater Network"", ""desc"": ""Hydrological runoff model and underground retention reservoir plan."", ""tech"": [""AutoCAD Civil 3D"", ""GIS"", ""Hydrology""], ""role"": ""Structural Engineer""}, {""name"": ""Seismic Resilient High-Rise Frame"", ""desc"": ""30-story structural concrete core modeled under dynamic earthquake loading."", ""tech"": [""ETABS"", ""STAAD Pro"", ""Structural Analysis""], ""role"": ""Structural Engineer""}]",3,1,"{""repos"": 23, ""commits"": 246, ""stars"": 17, ""followers"": 25, ""following"": 42}",83
31af78ed-9dda-4632-a904-96cb721a1963,Sanjeev Singhania,sanjeev_singhania_52,sanjeev.singhania@b2b2h.com,Madras Institute of Technology,MIT Chennai,"Chennai, Tamil Nadu",Mechatronics,2nd Year,LOOKING_FOR_TEAM,Mechatronics student at MIT Chennai passionate about Wearable Tech and Hydrology.,"[""SolidWorks"", ""Embedded C"", ""MATLAB"", ""PLC"", ""Automation"", ""Ideation"", ""Problem Solving""]","[""Wearable Tech"", ""Hydrology"", ""Artificial Intelligence""]","[""Logistics"", ""Biotech"", ""Mechanical"", ""Web""]","[{""name"": ""Quadruped Bio-Inspired Leg Actuator"", ""desc"": ""Custom torque-dense actuator module built for mobile legged platforms."", ""tech"": [""Embedded C"", ""MATLAB"", ""SolidWorks"", ""PCB Design""], ""role"": ""Mechatronics Engineer""}, {""name"": ""Autonomous Sorting Robotic Arm"", ""desc"": ""5-DOF robotic manipulator sorting warehouse items via computer vision."", ""tech"": [""ROS2"", ""Arduino"", ""SolidWorks"", ""OpenCV""], ""role"": ""Mechatronics Engineer""}]",3,0,"{""repos"": 22, ""commits"": 407, ""stars"": 31, ""followers"": 58, ""following"": 8}",98
d0813615-73e8-428e-a989-f63bf8f97a8d,Priyanka Agarwal,priyanka_agarwal_99,priyanka.agarwal@b2b2h.com,Amrita Vishwa Vidyapeetham,Amrita,"Coimbatore, Tamil Nadu",Mechatronics,4th Year,LOOKING_FOR_TEAM,Building sustainable and scalable solutions in Manufacturing. 4th Year at Amrita.,"[""Automation"", ""Sensors"", ""Raspberry Pi"", ""Presentation""]","[""Manufacturing"", ""ClimateTech"", ""Sustainable Materials""]","[""Healthcare"", ""Design""]","[{""name"": ""Quadruped Bio-Inspired Leg Actuator"", ""desc"": ""Custom torque-dense actuator module built for mobile legged platforms."", ""tech"": [""Embedded C"", ""MATLAB"", ""SolidWorks"", ""PCB Design""], ""role"": ""Mechatronics Engineer""}, {""name"": ""Automated CNC Tool Ingestion Loader"", ""desc"": ""Pneumatic pick-and-place gantry with encoder feedback."", ""tech"": [""PLC"", ""Mechatronics Design"", ""Sensors""], ""role"": ""Mechatronics Engineer""}, {""name"": ""Autonomous Sorting Robotic Arm"", ""desc"": ""5-DOF robotic manipulator sorting warehouse items via computer vision."", ""tech"": [""ROS2"", ""Arduino"", ""SolidWorks"", ""OpenCV""], ""role"": ""Mechatronics Engineer""}]",3,0,"{""repos"": 0, ""commits"": 0, ""stars"": 0, ""followers"": 0, ""following"": 0}",87
ce5c719e-0eba-4ee2-9b14-0345a49fc6d3,Sourav Subramanian,sourav_subramanian_28,sourav.subramanian@b2b2h.com,Vellore Institute of Technology,VIT,"Vellore, Tamil Nadu",Mechatronics,2nd Year,OPEN_TO_INVITES,"Interested in Automation, Assistive Tech, and Cybersecurity. Active hackathon builder.","[""Arduino"", ""ROS2"", ""PLC"", ""Embedded C"", ""Automation"", ""Simulink"", ""MATLAB"", ""ROS"", ""Sensors"", ""SolidWorks"", ""Raspberry Pi"", ""Rapid Prototyping""]","[""Automation"", ""Assistive Tech"", ""Cybersecurity"", ""Autonomous Systems"", ""Green Building"", ""Bioinformatics""]","[""Healthcare"", ""Design"", ""AI/ML""]","[{""name"": ""Autonomous Sorting Robotic Arm"", ""desc"": ""5-DOF robotic manipulator sorting warehouse items via computer vision."", ""tech"": [""ROS2"", ""Arduino"", ""SolidWorks"", ""OpenCV""], ""role"": ""Mechatronics Engineer""}, {""name"": ""Automated CNC Tool Ingestion Loader"", ""desc"": ""Pneumatic pick-and-place gantry with encoder feedback."", ""tech"": [""PLC"", ""Mechatronics Design"", ""Sensors""], ""role"": ""Mechatronics Engineer""}, {""name"": ""Quadruped Bio-Inspired Leg Actuator"", ""desc"": ""Custom torque-dense actuator module built for mobile legged platforms."", ""tech"": [""Embedded C"", ""MATLAB"", ""SolidWorks"", ""PCB Design""], ""role"": ""Mechatronics Engineer""}]",3,2,"{""repos"": 13, ""commits"": 71, ""stars"": 28, ""followers"": 14, ""following"": 38}",72
c04f993f-4455-4dc5-80f8-c549868d0354,Archana Mahajan,archana_mahajan_70,archana.mahajan@b2b2h.com,Anna University Regional Campus,Anna University,"Chennai, Tamil Nadu",Robotics,1st Year,LOOKING_FOR_MEMBERS,Robotics student at Anna University passionate about Social Impact and Cloud Computing.,"[""Motion Planning"", ""ROS2"", ""OpenCV"", ""SLAM"", ""Gazebo"", ""Autonomous Navigation"", ""Python"", ""ROS"", ""Robotics Kinematics"", ""Team Leadership""]","[""Social Impact"", ""Cloud Computing"", ""Logistics""]","[""AI/ML"", ""Agritech""]",[],3,2,"{""repos"": 14, ""commits"": 240, ""stars"": 9, ""followers"": 33, ""following"": 38}",75
cd66922d-c11d-445c-8359-6d83c64885f1,Sandeep Trivedi,sandeep_trivedi_32,sandeep.trivedi@b2b2h.com,Coimbatore Institute of Technology,CIT,"Coimbatore, Tamil Nadu",Robotics,3rd Year,OFFLINE,Building sustainable and scalable solutions in Remote Sensing. 3rd Year at CIT.,"[""Sensor Fusion"", ""Python"", ""Robotics Kinematics"", ""Gazebo"", ""ROS2"", ""Motion Planning"", ""Autonomous Navigation"", ""OpenCV"", ""SLAM"", ""Rapid Prototyping""]","[""Remote Sensing"", ""Supply Chain"", ""MedTech"", ""Green Mobility"", ""Logistics""]","[""Civil"", ""Design""]","[{""name"": ""Autonomous Warehouse AM Rover"", ""desc"": ""Differential drive robot executing SLAM mapping and dynamic obstacle avoidance."", ""tech"": [""ROS"", ""ROS2"", ""Gazebo"", ""Python"", ""SLAM""], ""role"": ""Robotics Engineer""}, {""name"": ""Visual Inertial Drone Odometry"", ""desc"": ""Monocular camera and IMU sensor fusion suite for GPS-denied environments."", ""tech"": [""C++"", ""OpenCV"", ""Autonomous Navigation"", ""Sensor Fusion""], ""role"": ""Robotics Engineer""}, {""name"": ""Subterranean Inspection Crawler"", ""desc"": ""Rugged tracked platform exploring hazardous pipes autonomously."", ""tech"": [""ROS2"", ""Motion Planning"", ""Gazebo""], ""role"": ""Robotics Engineer""}]",4,0,"{""repos"": 21, ""commits"": 203, ""stars"": 36, ""followers"": 39, ""following"": 49}",97
8adc503c-cbb2-41a7-bd6f-2bcec950aea0,Megha Bhatia,megha_bhatia_97,megha.bhatia@b2b2h.com,PSG College of Technology,PSG Tech,"Coimbatore, Tamil Nadu",Robotics,1st Year,OFFLINE,"Interested in IoT, Precision Agriculture, and Nanotechnology. Active hackathon builder.","[""C++"", ""Python"", ""OpenCV"", ""Sensor Fusion"", ""Autonomous Navigation"", ""ROS2"", ""Motion Planning"", ""Gazebo"", ""Robotics Kinematics"", ""ROS"", ""Communication""]","[""IoT"", ""Precision Agriculture"", ""Nanotechnology"", ""Electric Vehicles"", ""SpaceTech"", ""E-Commerce""]","[""Mechanical"", ""Cybersecurity"", ""Robotics""]","[{""name"": ""Visual Inertial Drone Odometry"", ""desc"": ""Monocular camera and IMU sensor fusion suite for GPS-denied environments."", ""tech"": [""C++"", ""OpenCV"", ""Autonomous Navigation"", ""Sensor Fusion""], ""role"": ""Robotics Engineer""}, {""name"": ""Subterranean Inspection Crawler"", ""desc"": ""Rugged tracked platform exploring hazardous pipes autonomously."", ""tech"": [""ROS2"", ""Motion Planning"", ""Gazebo""], ""role"": ""Robotics Engineer""}, {""name"": ""Autonomous Warehouse AM Rover"", ""desc"": ""Differential drive robot executing SLAM mapping and dynamic obstacle avoidance."", ""tech"": [""ROS"", ""ROS2"", ""Gazebo"", ""Python"", ""SLAM""], ""role"": ""Robotics Engineer""}]",1,1,"{""repos"": 19, ""commits"": 276, ""stars"": 17, ""followers"": 23, ""following"": 21}",74
d3ced1b7-92b3-466b-92fa-4d0f7d7ebdfa,Sameer Patil,sameer_patil_38,sameer.patil@b2b2h.com,Vellore Institute of Technology,VIT,"Vellore, Tamil Nadu",Automobile Engineering,4th Year,OFFLINE,Automobile Engineering student at VIT passionate about Telemedicine and Manufacturing.,"[""ANSYS"", ""Battery Management"", ""SolidWorks"", ""CATIA"", ""Electric Drive Systems"", ""CFD"", ""MATLAB"", ""AutoCAD"", ""Ideation"", ""Rapid Prototyping""]","[""Telemedicine"", ""Manufacturing"", ""GIS Mapping"", ""Agritech"", ""Remote Sensing""]","[""EV"", ""Mechanical"", ""FinTech""]","[{""name"": ""Active Aerodynamic Wing Actuator"", ""desc"": ""Speed-sensitive rear wing controller lowering high-speed drag."", ""tech"": [""ANSYS"", ""CFD"", ""CAN Bus"", ""Arduino""], ""role"": ""Automotive & EV Engineer""}, {""name"": ""Regenerative Braking Power Recuperator"", ""desc"": ""KERS energy recovery simulation for urban electric buses."", ""tech"": [""MATLAB"", ""Simulink"", ""Battery Management""], ""role"": ""Automotive & EV Engineer""}]",5,0,"{""repos"": 12, ""commits"": 272, ""stars"": 7, ""followers"": 14, ""following"": 20}",100
c4b5cf54-8f46-49df-b8f1-81ee738e55e4,Pavithra Das,pavithra_das_99,pavithra.das@b2b2h.com,National Institute of Technology Tiruchirappalli,NIT Trichy,"Tiruchirappalli, Tamil Nadu",Automobile Engineering,2nd Year,IN_TEAM,Building sustainable and scalable solutions in Nanotechnology. 2nd Year at NIT Trichy.,"[""Battery Management"", ""ANSYS"", ""CFD"", ""Electric Drive Systems"", ""MATLAB"", ""Problem Solving"", ""Presentation""]","[""Nanotechnology"", ""Defence"", ""Edge Computing"", ""Embedded Systems""]","[""Aerospace"", ""AI/ML"", ""Civil"", ""Healthcare""]","[{""name"": ""Active Aerodynamic Wing Actuator"", ""desc"": ""Speed-sensitive rear wing controller lowering high-speed drag."", ""tech"": [""ANSYS"", ""CFD"", ""CAN Bus"", ""Arduino""], ""role"": ""Automotive & EV Engineer""}]",1,0,"{""repos"": 5, ""commits"": 359, ""stars"": 13, ""followers"": 78, ""following"": 6}",95
5b3a219d-f774-40a3-8e53-cefbbd95c1b7,Alok Nambiar,alok_nambiar_82,alok.nambiar@b2b2h.com,Kongu Engineering College,Kongu,"Erode, Tamil Nadu",Automobile Engineering,4th Year,LOOKING_FOR_TEAM,"Interested in DevOps, ClimateTech, and Agentic Systems. Active hackathon builder.","[""AutoCAD"", ""MATLAB"", ""Vehicle Dynamics"", ""CATIA"", ""ANSYS"", ""Electric Drive Systems"", ""Presentation""]","[""DevOps"", ""ClimateTech"", ""Agentic Systems"", ""Robotics"", ""Electric Vehicles""]","[""Aerospace"", ""IoT""]","[{""name"": ""Active Aerodynamic Wing Actuator"", ""desc"": ""Speed-sensitive rear wing controller lowering high-speed drag."", ""tech"": [""ANSYS"", ""CFD"", ""CAN Bus"", ""Arduino""], ""role"": ""Automotive & EV Engineer""}, {""name"": ""Sub-Compact EV Drivetrain Model"", ""desc"": ""Single-speed reduction gearbox and electric motor matching calculation."", ""tech"": [""CATIA"", ""MATLAB"", ""Vehicle Dynamics"", ""SolidWorks""], ""role"": ""Automotive & EV Engineer""}]",5,0,"{""repos"": 0, ""commits"": 0, ""stars"": 0, ""followers"": 0, ""following"": 0}",83
7e41e4a1-e1f5-4811-b5ee-7d004b7f594a,Rashmi Goel,rashmi_goel_77,rashmi.goel@b2b2h.com,Government College of Technology,GCT,"Coimbatore, Tamil Nadu",Chemical Engineering,3rd Year,LOOKING_FOR_TEAM,Chemical Engineering student at GCT passionate about Green Mobility and GIS Mapping.,"[""Thermodynamics"", ""Polymer Chemistry"", ""Fluid Mechanics"", ""Chemical Reaction Engineering"", ""ASPEN Plus"", ""MATLAB"", ""Ideation""]","[""Green Mobility"", ""GIS Mapping"", ""Robotics"", ""Healthcare"", ""Battery Tech""]","[""Mechanical"", ""FinTech"", ""Design""]","[{""name"": ""Industrial Effluent Membrane Filtration"", ""desc"": ""Reverse osmosis wastewater treatment plant for textile dyes."", ""tech"": [""Chemical Reaction Engineering"", ""Heat Transfer"", ""MATLAB""], ""role"": ""Process Engineer""}]",2,1,"{""repos"": 0, ""commits"": 0, ""stars"": 0, ""followers"": 0, ""following"": 0}",72
42564104-e8ad-4e44-b9ff-89862dfd35d2,Rohan Wagh,rohan_wagh_26,rohan.wagh@b2b2h.com,Anna University Regional Campus,Anna University,"Chennai, Tamil Nadu",Chemical Engineering,1st Year,OFFLINE,Building sustainable and scalable solutions in Green Mobility. 1st Year at Anna University.,"[""Process Engineering"", ""Heat Transfer"", ""Chemical Reaction Engineering"", ""Thermodynamics"", ""Fluid Mechanics"", ""MATLAB"", ""Polymer Chemistry"", ""ASPEN Plus"", ""Communication""]","[""Green Mobility"", ""Wearable Tech"", ""Urban Planning"", ""Defence"", ""Autonomous Systems""]","[""Agritech"", ""CleanTech"", ""Aerospace""]",[],4,2,"{""repos"": 5, ""commits"": 66, ""stars"": 5, ""followers"": 13, ""following"": 32}",95
78ae885f-c435-4649-9c08-d501a77bc648,Sowmya Pandey,sowmya_pandey_26,sowmya.pandey@b2b2h.com,National Institute of Technology Tiruchirappalli,NIT Trichy,"Tiruchirappalli, Tamil Nadu",Chemical Engineering,3rd Year,LOOKING_FOR_TEAM,"Interested in Agentic Systems, Battery Tech, and Manufacturing. Active hackathon builder.","[""Process Engineering"", ""Thermodynamics"", ""ASPEN Plus"", ""Heat Transfer"", ""Fluid Mechanics"", ""Chemical Reaction Engineering"", ""MATLAB"", ""Presentation""]","[""Agentic Systems"", ""Battery Tech"", ""Manufacturing"", ""Sustainability""]","[""Logistics"", ""Aerospace"", ""FinTech""]","[{""name"": ""Green Hydrogen Electrolyzer Array"", ""desc"": ""Proton exchange membrane stack layout and heat exchange unit."", ""tech"": [""Thermodynamics"", ""Process Engineering""], ""role"": ""Process Engineer""}]",7,2,"{""repos"": 28, ""commits"": 239, ""stars"": 35, ""followers"": 80, ""following"": 48}",78
277d73e1-a781-4bdf-a6f2-d6c53560bc03,Ishaan Swaminathan,ishaan_swaminathan_13,ishaan.swaminathan@b2b2h.com,KPR Institute of Engineering and Technology,KPR,"Coimbatore, Tamil Nadu",Biotechnology,2nd Year,LOOKING_FOR_MEMBERS,Biotechnology student at KPR passionate about Green Mobility and Microelectronics.,"[""Bioprocess Engineering"", ""CRISPR"", ""Bioinformatics"", ""Python"", ""R"", ""Microbiology"", ""Molecular Biology"", ""Genomics"", ""Team Leadership""]","[""Green Mobility"", ""Microelectronics"", ""NLP"", ""Edge Computing"", ""Smart Agriculture"", ""Cyber Defence""]","[""EdTech"", ""AI/ML"", ""Healthcare"", ""Logistics""]","[{""name"": ""Microbial Fuel Cell Yield Monitor"", ""desc"": ""Sensory rig tracking bio-electricity output from wastewater bacteria."", ""tech"": [""Microbiology"", ""Bioprocess Engineering"", ""Data Analysis""], ""role"": ""Bioinformatics Researcher""}]",6,1,"{""repos"": 0, ""commits"": 0, ""stars"": 0, ""followers"": 0, ""following"": 0}",83
6ccd1f6a-9887-4159-94ae-a8daf672d1a8,Diya Sen,diya_sen_72,diya.sen@b2b2h.com,BITS Pilani Hyderabad Campus,BITS Pilani,"Hyderabad, Telangana",Biotechnology,4th Year,IN_TEAM,Building sustainable and scalable solutions in High Performance Computing. 4th Year at BITS Pilani.,"[""Bioprocess Engineering"", ""Genomics"", ""Molecular Biology"", ""Microbiology"", ""Python"", ""Bioinformatics"", ""Problem Solving"", ""Presentation""]","[""High Performance Computing"", ""Healthcare"", ""Artificial Intelligence"", ""Entrepreneurship"", ""Logistics"", ""Smart Cities""]","[""CleanTech"", ""EV""]","[{""name"": ""Recombinant Protein Expression Assay"", ""desc"": ""High-efficiency bacterial culture protocol for therapeutic enzymes."", ""tech"": [""Molecular Biology"", ""CRISPR""], ""role"": ""Bioinformatics Researcher""}, {""name"": ""CRISPR Off-Target Predictive Tool"", ""desc"": ""Bioinformatics sequence parser identifying non-specific gene edits."", ""tech"": [""Python"", ""Bioinformatics"", ""Genomics"", ""R""], ""role"": ""Bioinformatics Researcher""}, {""name"": ""Microbial Fuel Cell Yield Monitor"", ""desc"": ""Sensory rig tracking bio-electricity output from wastewater bacteria."", ""tech"": [""Microbiology"", ""Bioprocess Engineering"", ""Data Analysis""], ""role"": ""Bioinformatics Researcher""}]",3,0,"{""repos"": 18, ""commits"": 402, ""stars"": 27, ""followers"": 24, ""following"": 13}",97
fcccb7c6-a8a4-4e69-9db9-8f40d2b5cea2,Raghunath Krishnan,raghunath_krishnan_15,raghunath.krishnan@b2b2h.com,SRM Institute of Science and Technology,SRM,"Chennai, Tamil Nadu",Biotechnology,2nd Year,LOOKING_FOR_TEAM,"Interested in Nanotechnology, SpaceTech, and Industry 4.0. Active hackathon builder.","[""R"", ""CRISPR"", ""Bioprocess Engineering"", ""Genomics"", ""Molecular Biology"", ""Data Analysis"", ""Presentation"", ""Problem Solving""]","[""Nanotechnology"", ""SpaceTech"", ""Industry 4.0"", ""Sustainability"", ""CleanTech"", ""Digital Twins""]","[""Product"", ""EdTech"", ""Civil""]","[{""name"": ""Recombinant Protein Expression Assay"", ""desc"": ""High-efficiency bacterial culture protocol for therapeutic enzymes."", ""tech"": [""Molecular Biology"", ""CRISPR""], ""role"": ""Bioinformatics Researcher""}]",2,1,"{""repos"": 10, ""commits"": 190, ""stars"": 10, ""followers"": 11, ""following"": 37}",98
40627c66-b187-405d-94af-8fafe9314606,Meera Ahuja,meera_ahuja_54,meera.ahuja@b2b2h.com,SSN College of Engineering,SSN,"Chennai, Tamil Nadu",Biomedical Engineering,1st Year,OPEN_TO_INVITES,Biomedical Engineering student at SSN passionate about VLSI and Disaster Tech.,"[""LabVIEW"", ""Sensor Design"", ""Biomedical Instrumentation"", ""Signal Processing"", ""Ideation""]","[""VLSI"", ""Disaster Tech"", ""Sustainable Materials"", ""Waste Management""]","[""Biotech"", ""Agritech"", ""Product"", ""EdTech""]",[],1,1,"{""repos"": 17, ""commits"": 343, ""stars"": 19, ""followers"": 37, ""following"": 42}",79
77a759a7-7170-48ba-bd51-11b2aced5eeb,Aravind Ranganathan,aravind_ranganathan_69,aravind.ranganathan@b2b2h.com,SASTRA Deemed University,SASTRA,"Thanjavur, Tamil Nadu",Biomedical Engineering,3rd Year,LOOKING_FOR_TEAM,Building sustainable and scalable solutions in Precision Agriculture. 3rd Year at SASTRA.,"[""SolidWorks"", ""Signal Processing"", ""Biomedical Instrumentation"", ""Communication""]","[""Precision Agriculture"", ""Micro-Mobility"", ""Cybersecurity"", ""Digital Health"", ""Carbon Capture"", ""Autonomous Driving""]","[""Agritech"", ""Design""]","[{""name"": ""Non-Invasive Glucose Biosensor"", ""desc"": ""Optical near-infrared spectrophotometer measuring interstitial blood glucose."", ""tech"": [""MATLAB"", ""Medical Image Processing"", ""Medical AI"", ""Biomedical Instrumentation""], ""role"": ""Medical AI Specialist""}, {""name"": ""Prosthetic Myoelectric Hand Controller"", ""desc"": ""Surface EMG pattern recognition decoding hand gesture intent."", ""tech"": [""Signal Processing"", ""Sensor Design"", ""LabVIEW""], ""role"": ""Medical AI Specialist""}, {""name"": ""Smart ICU Patient Vital Predictor"", ""desc"": ""Predictive alert system flagging onset of septic shock."", ""tech"": [""Medical AI"", ""Python"", ""Biomedical Instrumentation""], ""role"": ""Medical AI Specialist""}]",6,1,"{""repos"": 0, ""commits"": 0, ""stars"": 0, ""followers"": 0, ""following"": 0}",75
affb040c-0796-49f8-b3db-6780d0e12bad,Shruti Shetty,shruti_shetty_15,shruti.shetty@b2b2h.com,Thiagarajar College of Engineering,Thiagarajar,"Madurai, Tamil Nadu",Biomedical Engineering,1st Year,IN_TEAM,"Interested in Satellite Communication, Defence, and Hydroponics. Active hackathon builder.","[""Biomedical Instrumentation"", ""Sensor Design"", ""Signal Processing"", ""SolidWorks"", ""Medical Image Processing"", ""LabVIEW"", ""Communication"", ""Ideation""]","[""Satellite Communication"", ""Defence"", ""Hydroponics""]","[""Civil"", ""EV"", ""CleanTech"", ""Aerospace""]",[],6,1,"{""repos"": 0, ""commits"": 0, ""stars"": 0, ""followers"": 0, ""following"": 0}",74
347dcda4-cc34-4117-be02-c3eeaaf8878f,Naveen Dutta,naveen_dutta_54,naveen.dutta@b2b2h.com,College of Engineering Guindy,CEG,"Chennai, Tamil Nadu",Agricultural Engineering,4th Year,IN_TEAM,Agricultural Engineering student at CEG passionate about Hydrology and Nanotechnology.,"[""GIS"", ""Soil Mechanics"", ""IOT Sensors"", ""Hydrology"", ""Team Leadership"", ""Ideation""]","[""Hydrology"", ""Nanotechnology"", ""Generative AI"", ""Smart Agriculture"", ""Open Source"", ""Smart Cities""]","[""Design"", ""Robotics"", ""IoT""]","[{""name"": ""Hydroponic Nutrient Auto-Doser"", ""desc"": ""Closed-loop EC and pH control unit for greenhouse verti-farming."", ""tech"": [""AgriTech"", ""IOT Sensors"", ""Arduino""], ""role"": ""AgriTech Specialist""}]",4,0,"{""repos"": 12, ""commits"": 423, ""stars"": 6, ""followers"": 66, ""following"": 39}",74
85821370-f883-484e-94ee-f6ae8dc26c65,Vandana Bhardwaj,vandana_bhardwaj_86,vandana.bhardwaj@b2b2h.com,Vellore Institute of Technology,VIT,"Vellore, Tamil Nadu",Agricultural Engineering,2nd Year,OPEN_TO_INVITES,Building sustainable and scalable solutions in Digital Health. 2nd Year at VIT.,"[""Precision Agriculture"", ""Python"", ""AgriTech"", ""Hydrology"", ""Rapid Prototyping""]","[""Digital Health"", ""Automation"", ""Signal Processing"", ""Web3"", ""Smart Agriculture""]","[""Robotics"", ""Aerospace"", ""Biotech""]","[{""name"": ""Solar Powered Drip Irrigation Router"", ""desc"": ""Soil moisture driven automated solenoid network for arid farms."", ""tech"": [""IOT Sensors"", ""AgriTech"", ""AutoCAD""], ""role"": ""AgriTech Specialist""}, {""name"": ""Autonomous Crop Health Mapping Drone"", ""desc"": ""Multispectral aerial imaging drone detecting nitrogen stress in crops."", ""tech"": [""Precision Agriculture"", ""GIS"", ""Drone Surveying"", ""Python""], ""role"": ""AgriTech Specialist""}]",5,2,"{""repos"": 19, ""commits"": 290, ""stars"": 26, ""followers"": 22, ""following"": 17}",97
b92bae36-b338-429c-af78-0cbf3fb8795f,Dinesh Ghosh,dinesh_ghosh_57,dinesh.ghosh@b2b2h.com,National Institute of Technology Tiruchirappalli,NIT Trichy,"Tiruchirappalli, Tamil Nadu",Agricultural Engineering,4th Year,LOOKING_FOR_TEAM,"Interested in FinTech, Edge Computing, and Manufacturing. Active hackathon builder.","[""Python"", ""GIS"", ""Precision Agriculture"", ""AutoCAD"", ""IOT Sensors"", ""Drone Surveying"", ""Soil Mechanics"", ""AgriTech"", ""Problem Solving"", ""Team Leadership""]","[""FinTech"", ""Edge Computing"", ""Manufacturing"", ""Robotics"", ""Autonomous Systems"", ""Defence""]","[""Agritech"", ""Healthcare"", ""Product"", ""Web""]","[{""name"": ""Autonomous Crop Health Mapping Drone"", ""desc"": ""Multispectral aerial imaging drone detecting nitrogen stress in crops."", ""tech"": [""Precision Agriculture"", ""GIS"", ""Drone Surveying"", ""Python""], ""role"": ""AgriTech Specialist""}]",2,0,"{""repos"": 7, ""commits"": 408, ""stars"": 45, ""followers"": 62, ""following"": 33}",76
9965fb9a-60f0-4faa-a4c2-69d5bf9b8f86,Radhika Naidu,radhika_naidu_29,radhika.naidu@b2b2h.com,National Institute of Technology Tiruchirappalli,NIT Trichy,"Tiruchirappalli, Tamil Nadu",Aerospace Engineering,3rd Year,OFFLINE,Aerospace Engineering student at NIT Trichy passionate about E-Commerce and Supply Chain.,"[""CFD"", ""Simulink"", ""MATLAB"", ""CATIA"", ""ANSYS"", ""Aerodynamics"", ""SolidWorks"", ""Flight Mechanics"", ""Propulsion Systems"", ""Problem Solving""]","[""E-Commerce"", ""Supply Chain"", ""Artificial Intelligence"", ""Telemedicine""]","[""IoT"", ""Mechanical"", ""Cybersecurity""]","[{""name"": ""CubeSat Thermal Radiator Shield"", ""desc"": ""Passive thermal control system for LEO nanosatellite electronics."", ""tech"": [""ANSYS"", ""CFD"", ""Thermal Systems"", ""SolidWorks""], ""role"": ""Aerospace Systems Engineer""}, {""name"": ""Micro-Turbojet Combustion Chamber"", ""desc"": ""Annular combustor designed for low emissions and high thrust-to-weight."", ""tech"": [""CATIA"", ""Simulink"", ""Flight Mechanics""], ""role"": ""Aerospace Systems Engineer""}, {""name"": ""Supersonic Nozzle Flow Analyzer"", ""desc"": ""Variable geometry convergent-divergent nozzle CFD simulation."", ""tech"": [""Aerodynamics"", ""Propulsion Systems"", ""MATLAB""], ""role"": ""Aerospace Systems Engineer""}]",1,1,"{""repos"": 0, ""commits"": 0, ""stars"": 0, ""followers"": 0, ""following"": 0}",90
6c7ba5ab-e76c-4823-86d3-ecd291bf2b8e,Ashwin Tiwari,ashwin_tiwari_59,ashwin.tiwari@b2b2h.com,SSN College of Engineering,SSN,"Chennai, Tamil Nadu",Aerospace Engineering,1st Year,LOOKING_FOR_MEMBERS,Building sustainable and scalable solutions in Cybersecurity. 1st Year at SSN.,"[""Aerodynamics"", ""CFD"", ""SolidWorks"", ""Communication""]","[""Cybersecurity"", ""Circular Economy"", ""Embedded Systems"", ""Microelectronics""]","[""Cybersecurity"", ""Biotech"", ""Design"", ""Agritech""]",[],0,0,"{""repos"": 25, ""commits"": 417, ""stars"": 29, ""followers"": 6, ""following"": 23}",80
99d675f5-481c-4a42-ab83-626ee52dd60c,Nivedita Kannan,nivedita_kannan_49,nivedita.kannan@b2b2h.com,Karunya Institute of Technology and Sciences,Karunya,"Coimbatore, Tamil Nadu",Aerospace Engineering,3rd Year,IN_TEAM,"Interested in FinTech, Supply Chain, and Industry 4.0. Active hackathon builder.","[""Simulink"", ""ANSYS"", ""MATLAB"", ""CATIA"", ""Propulsion Systems"", ""Structural Analysis"", ""Aerodynamics"", ""CFD"", ""SolidWorks"", ""Flight Mechanics"", ""Rapid Prototyping"", ""Communication""]","[""FinTech"", ""Supply Chain"", ""Industry 4.0"", ""Synthetic Biology"", ""Open Source""]","[""EV"", ""Agritech"", ""FinTech"", ""AI/ML""]","[{""name"": ""Supersonic Nozzle Flow Analyzer"", ""desc"": ""Variable geometry convergent-divergent nozzle CFD simulation."", ""tech"": [""Aerodynamics"", ""Propulsion Systems"", ""MATLAB""], ""role"": ""Aerospace Systems Engineer""}, {""name"": ""Micro-Turbojet Combustion Chamber"", ""desc"": ""Annular combustor designed for low emissions and high thrust-to-weight."", ""tech"": [""CATIA"", ""Simulink"", ""Flight Mechanics""], ""role"": ""Aerospace Systems Engineer""}, {""name"": ""CubeSat Thermal Radiator Shield"", ""desc"": ""Passive thermal control system for LEO nanosatellite electronics."", ""tech"": [""ANSYS"", ""CFD"", ""Thermal Systems"", ""SolidWorks""], ""role"": ""Aerospace Systems Engineer""}]",4,2,"{""repos"": 12, ""commits"": 248, ""stars"": 38, ""followers"": 56, ""following"": 15}",89
0af9507d-81b9-4cf1-b44b-0dacf503dc2d,Chirag Mishra,chirag_mishra_65,chirag.mishra@b2b2h.com,Anna University Regional Campus,Anna University,"Chennai, Tamil Nadu",Industrial Engineering,2nd Year,LOOKING_FOR_TEAM,Industrial Engineering student at Anna University passionate about Electric Vehicles and Agritech.,"[""SQL"", ""Python"", ""Arena Simulation"", ""Problem Solving""]","[""Electric Vehicles"", ""Agritech"", ""Web3""]","[""Aerospace"", ""Logistics"", ""Civil"", ""EV""]","[{""name"": ""Global Logistics Carbon Tracking Dashboard"", ""desc"": ""Supply chain carbon footprint auditor with route optimization."", ""tech"": [""Python"", ""SQL"", ""Six Sigma""], ""role"": ""Operations Analyst""}]",4,0,"{""repos"": 24, ""commits"": 250, ""stars"": 23, ""followers"": 49, ""following"": 33}",81
ce2ebc11-9397-4333-846e-1b97cad19e01,Saritha Rajan,saritha_rajan_60,saritha.rajan@b2b2h.com,Madras Institute of Technology,MIT Chennai,"Chennai, Tamil Nadu",Industrial Engineering,4th Year,LOOKING_FOR_MEMBERS,Building sustainable and scalable solutions in Digital Health. 4th Year at MIT Chennai.,"[""Supply Chain Analytics"", ""Operations Research"", ""Python"", ""Process Optimization"", ""Ideation"", ""Rapid Prototyping""]","[""Digital Health"", ""Smart Cities"", ""Telemedicine"", ""DeepTech"", ""Smart Infrastructure""]","[""FinTech"", ""Healthcare""]","[{""name"": ""Global Logistics Carbon Tracking Dashboard"", ""desc"": ""Supply chain carbon footprint auditor with route optimization."", ""tech"": [""Python"", ""SQL"", ""Six Sigma""], ""role"": ""Operations Analyst""}, {""name"": ""Hospital Emergency Ward Bottleneck Model"", ""desc"": ""Discrete event simulation optimizing nurse allocation and triage time."", ""tech"": [""Arena Simulation"", ""Operations Research"", ""Process Optimization""], ""role"": ""Operations Analyst""}, {""name"": ""Automated Fulfillment Warehouse Layout"", ""desc"": ""SLP-based facility layout reducing order retrieval transit times."", ""tech"": [""Supply Chain Analytics"", ""Lean Manufacturing"", ""Tableau""], ""role"": ""Operations Analyst""}]",1,0,"{""repos"": 25, ""commits"": 247, ""stars"": 5, ""followers"": 42, ""following"": 47}",92
aae2087b-48ce-441f-8985-02e8fb5169ec,Eashan Sethi,eashan_sethi_99,eashan.sethi@b2b2h.com,Manipal Institute of Technology,Manipal,"Manipal, Karnataka",Industrial Engineering,2nd Year,OPEN_TO_INVITES,"Interested in Interactive Media, Battery Tech, and Avionics. Active hackathon builder.","[""Python"", ""Six Sigma"", ""Operations Research"", ""Supply Chain Analytics"", ""Process Optimization"", ""Arena Simulation"", ""Tableau"", ""SQL"", ""Lean Manufacturing"", ""Rapid Prototyping"", ""Ideation""]","[""Interactive Media"", ""Battery Tech"", ""Avionics"", ""Assistive Tech"", ""Carbon Capture""]","[""Healthcare"", ""Agritech""]","[{""name"": ""Global Logistics Carbon Tracking Dashboard"", ""desc"": ""Supply chain carbon footprint auditor with route optimization."", ""tech"": [""Python"", ""SQL"", ""Six Sigma""], ""role"": ""Operations Analyst""}, {""name"": ""Automated Fulfillment Warehouse Layout"", ""desc"": ""SLP-based facility layout reducing order retrieval transit times."", ""tech"": [""Supply Chain Analytics"", ""Lean Manufacturing"", ""Tableau""], ""role"": ""Operations Analyst""}, {""name"": ""Hospital Emergency Ward Bottleneck Model"", ""desc"": ""Discrete event simulation optimizing nurse allocation and triage time."", ""tech"": [""Arena Simulation"", ""Operations Research"", ""Process Optimization""], ""role"": ""Operations Analyst""}]",6,1,"{""repos"": 0, ""commits"": 0, ""stars"": 0, ""followers"": 0, ""following"": 0}",88
ed82829b-d814-4e03-b750-a41974852d40,Sangeetha Venkatesh,sangeetha_venkatesh_33,sangeetha.venkatesh@b2b2h.com,Kumaraguru College of Technology,Kumaraguru,"Coimbatore, Tamil Nadu",Instrumentation Engineering,1st Year,IN_TEAM,Instrumentation Engineering student at Kumaraguru passionate about MedTech and Startups.,"[""LabVIEW"", ""PLC"", ""MATLAB"", ""Instrumentation Design"", ""SCADA"", ""Control Systems"", ""Signal Processing"", ""Communication"", ""Team Leadership""]","[""MedTech"", ""Startups"", ""Remote Sensing""]","[""CleanTech"", ""Healthcare"", ""EV"", ""Design""]","[{""name"": ""Smart Gas Leak Optical Detector"", ""desc"": ""NDIR sensor unit with wireless alarm reporting for chemical plants."", ""tech"": [""LabVIEW"", ""Sensors & Transducers"", ""PLC""], ""role"": ""Instrumentation Engineer""}, {""name"": ""Ultra-Precise Vibration Calibration Rig"", ""desc"": ""Piezo-actuated shaker table for accelerometer calibration."", ""tech"": [""SCADA"", ""Signal Processing"", ""Instrumentation Design""], ""role"": ""Instrumentation Engineer""}]",1,1,"{""repos"": 0, ""commits"": 0, ""stars"": 0, ""followers"": 0, ""following"": 0}",96
0614b282-09f3-41f4-8c80-cd26922cefb7,Ganesh Jain,ganesh_jain_13,ganesh.jain@b2b2h.com,Coimbatore Institute of Technology,CIT,"Coimbatore, Tamil Nadu",Instrumentation Engineering,3rd Year,LOOKING_FOR_TEAM,Building sustainable and scalable solutions in Battery Tech. 3rd Year at CIT.,"[""MATLAB"", ""Embedded C"", ""Sensors & Transducers"", ""Signal Processing"", ""Instrumentation Design"", ""LabVIEW"", ""PLC"", ""SCADA"", ""Rapid Prototyping"", ""Team Leadership""]","[""Battery Tech"", ""Sustainable Materials"", ""Entrepreneurship"", ""Microelectronics"", ""Synthetic Biology"", ""AR/VR""]","[""Agritech"", ""Aerospace"", ""Civil""]","[{""name"": ""Ultra-Precise Vibration Calibration Rig"", ""desc"": ""Piezo-actuated shaker table for accelerometer calibration."", ""tech"": [""SCADA"", ""Signal Processing"", ""Instrumentation Design""], ""role"": ""Instrumentation Engineer""}]",2,1,"{""repos"": 20, ""commits"": 74, ""stars"": 20, ""followers"": 32, ""following"": 34}",74
fc2e2e44-67a1-49c0-8deb-aae8b7fd05ce,Usha Gopal,usha_gopal_22,usha.gopal@b2b2h.com,PSG College of Technology,PSG Tech,"Coimbatore, Tamil Nadu",Instrumentation Engineering,1st Year,LOOKING_FOR_MEMBERS,"Interested in Generative AI, SpaceTech, and Interactive Media. Active hackathon builder.","[""Sensors & Transducers"", ""Embedded C"", ""Signal Processing"", ""PLC"", ""SCADA"", ""MATLAB"", ""Team Leadership""]","[""Generative AI"", ""SpaceTech"", ""Interactive Media"", ""Thermal Systems"", ""Green Mobility"", ""Web3""]","[""Aerospace"", ""AI/ML""]","[{""name"": ""Ultra-Precise Vibration Calibration Rig"", ""desc"": ""Piezo-actuated shaker table for accelerometer calibration."", ""tech"": [""SCADA"", ""Signal Processing"", ""Instrumentation Design""], ""role"": ""Instrumentation Engineer""}]",2,0,"{""repos"": 22, ""commits"": 354, ""stars"": 43, ""followers"": 62, ""following"": 23}",93
6c480048-b597-421a-a03f-d31dcc86dde0,Arjun Srivastava,arjun_srivastava_56,arjun.srivastava@b2b2h.com,Vellore Institute of Technology,VIT,"Vellore, Tamil Nadu",Architecture,4th Year,LOOKING_FOR_MEMBERS,Architecture student at VIT passionate about Micro-Mobility and Quantum Computing.,"[""Lumion"", ""Revit"", ""Rhino 3D"", ""Ideation"", ""Presentation""]","[""Micro-Mobility"", ""Quantum Computing"", ""Smart Grids"", ""Telemedicine"", ""Renewable Energy"", ""Electric Vehicles""]","[""Civil"", ""Aerospace""]","[{""name"": ""Urban Climate Micro-District Plan"", ""desc"": ""Transit-oriented mixed-use masterplan reducing urban heat island effect."", ""tech"": [""Urban Planning"", ""AutoCAD"", ""Photoshop""], ""role"": ""BIM Designer""}, {""name"": ""Net-Zero Energy Campus Library"", ""desc"": ""Parametric passive solar design with green roof integration."", ""tech"": [""Revit"", ""BIM (Building Information Modeling)"", ""Architectural Design"", ""Rhino 3D""], ""role"": ""BIM Designer""}, {""name"": ""Parametric Bamboo Timber Pavilion"", ""desc"": ""Curvilinear public canopy generated using algorithmic geometric rules."", ""tech"": [""Grasshopper"", ""SketchUp"", ""3D Visualization""], ""role"": ""BIM Designer""}]",1,0,"{""repos"": 27, ""commits"": 93, ""stars"": 12, ""followers"": 79, ""following"": 37}",92
62896dac-f806-44b9-bcb9-4a4df88ecc09,Priya Kumar,priya_kumar_52,priya.kumar@b2b2h.com,Amrita Vishwa Vidyapeetham,Amrita,"Coimbatore, Tamil Nadu",Architecture,2nd Year,OFFLINE,Building sustainable and scalable solutions in Precision Agriculture. 2nd Year at Amrita.,"[""SketchUp"", ""3D Visualization"", ""Urban Planning"", ""Architectural Design"", ""Photoshop"", ""Lumion"", ""AutoCAD"", ""Rhino 3D"", ""BIM (Building Information Modeling)"", ""Revit"", ""Communication"", ""Ideation""]","[""Precision Agriculture"", ""Smart Agriculture"", ""VLSI"", ""Robotics"", ""High Performance Computing"", ""Green Building""]","[""IoT"", ""AI/ML"", ""Design""]","[{""name"": ""Net-Zero Energy Campus Library"", ""desc"": ""Parametric passive solar design with green roof integration."", ""tech"": [""Revit"", ""BIM (Building Information Modeling)"", ""Architectural Design"", ""Rhino 3D""], ""role"": ""BIM Designer""}, {""name"": ""Urban Climate Micro-District Plan"", ""desc"": ""Transit-oriented mixed-use masterplan reducing urban heat island effect."", ""tech"": [""Urban Planning"", ""AutoCAD"", ""Photoshop""], ""role"": ""BIM Designer""}]",0,0,"{""repos"": 26, ""commits"": 337, ""stars"": 24, ""followers"": 20, ""following"": 48}",84
1458b5a8-ec14-4f63-b9f8-f205cef99d3a,Tarun Natarajan,tarun_natarajan_50,tarun.natarajan@b2b2h.com,SRM Institute of Science and Technology,SRM,"Chennai, Tamil Nadu",Architecture,4th Year,OPEN_TO_INVITES,"Interested in Telemedicine, Battery Tech, and Research. Active hackathon builder.","[""Rhino 3D"", ""Lumion"", ""Architectural Design"", ""3D Visualization"", ""BIM (Building Information Modeling)"", ""Revit"", ""AutoCAD"", ""SketchUp"", ""Photoshop"", ""Communication"", ""Rapid Prototyping""]","[""Telemedicine"", ""Battery Tech"", ""Research"", ""CleanTech"", ""Quantum Computing""]","[""EV"", ""IoT"", ""Logistics"", ""Civil""]","[{""name"": ""Urban Climate Micro-District Plan"", ""desc"": ""Transit-oriented mixed-use masterplan reducing urban heat island effect."", ""tech"": [""Urban Planning"", ""AutoCAD"", ""Photoshop""], ""role"": ""BIM Designer""}, {""name"": ""Parametric Bamboo Timber Pavilion"", ""desc"": ""Curvilinear public canopy generated using algorithmic geometric rules."", ""tech"": [""Grasshopper"", ""SketchUp"", ""3D Visualization""], ""role"": ""BIM Designer""}, {""name"": ""Net-Zero Energy Campus Library"", ""desc"": ""Parametric passive solar design with green roof integration."", ""tech"": [""Revit"", ""BIM (Building Information Modeling)"", ""Architectural Design"", ""Rhino 3D""], ""role"": ""BIM Designer""}]",4,0,"{""repos"": 25, ""commits"": 380, ""stars"": 31, ""followers"": 42, ""following"": 35}",91
1c013e76-8dd1-4835-929d-4d17b3cca983,Meenakshi Aggarwal,meenakshi_aggarwal_79,meenakshi.aggarwal@b2b2h.com,Vellore Institute of Technology,VIT,"Vellore, Tamil Nadu",Fashion Technology,3rd Year,IN_TEAM,Fashion Technology student at VIT passionate about Prompt Engineering and Avionics.,"[""Pattern Making"", ""Textile Design"", ""Styling"", ""Adobe Illustrator"", ""Fashion Merchandising"", ""UI Design"", ""Photoshop"", ""Garment Manufacturing"", ""Fashion CAD"", ""Team Leadership"", ""Communication""]","[""Prompt Engineering"", ""Avionics"", ""Manufacturing""]","[""IoT"", ""AI/ML"", ""FinTech"", ""Robotics""]","[{""name"": ""Virtual AR Apparel Fitting Room"", ""desc"": ""Real-time 3D cloth simulation for online e-commerce sizing."", ""tech"": [""Fashion CAD"", ""UI Design"", ""Photoshop""], ""role"": ""UI/Creative Designer""}, {""name"": ""Zero-Waste Pattern Generation Engine"", ""desc"": ""Nested layout generator minimizing fabric cutting waste."", ""tech"": [""Pattern Making"", ""Garment Manufacturing""], ""role"": ""UI/Creative Designer""}]",6,1,"{""repos"": 6, ""commits"": 368, ""stars"": 8, ""followers"": 2, ""following"": 40}",76
cab37fc0-5983-4910-a593-6b513146db25,Devendra Iyer,devendra_iyer_46,devendra.iyer@b2b2h.com,Madras Institute of Technology,MIT Chennai,"Chennai, Tamil Nadu",Fashion Technology,1st Year,LOOKING_FOR_MEMBERS,Building sustainable and scalable solutions in Waste Management. 1st Year at MIT Chennai.,"[""Adobe Illustrator"", ""Photoshop"", ""Pattern Making"", ""Garment Manufacturing"", ""Styling"", ""UI Design"", ""Fashion CAD"", ""Fashion Merchandising"", ""Problem Solving""]","[""Waste Management"", ""Synthetic Biology"", ""Sustainability"", ""Satellite Communication"", ""DeepTech""]","[""Logistics"", ""Product"", ""Design""]","[{""name"": ""Zero-Waste Pattern Generation Engine"", ""desc"": ""Nested layout generator minimizing fabric cutting waste."", ""tech"": [""Pattern Making"", ""Garment Manufacturing""], ""role"": ""UI/Creative Designer""}, {""name"": ""Circular Textile Upcycling Tracker"", ""desc"": ""QR-code powered garment lifecycle passport tracking recycled fibers."", ""tech"": [""Textile Design"", ""Fashion Merchandising"", ""Adobe Illustrator""], ""role"": ""UI/Creative Designer""}, {""name"": ""Virtual AR Apparel Fitting Room"", ""desc"": ""Real-time 3D cloth simulation for online e-commerce sizing."", ""tech"": [""Fashion CAD"", ""UI Design"", ""Photoshop""], ""role"": ""UI/Creative Designer""}]",4,2,"{""repos"": 11, ""commits"": 118, ""stars"": 7, ""followers"": 44, ""following"": 15}",95
bb0f642d-1096-4c1e-a583-70dcd1d200f4,Pooja Patel,pooja_patel_47,pooja.patel@b2b2h.com,Indian Institute of Technology Madras,IIT Madras,"Chennai, Tamil Nadu",Fashion Technology,3rd Year,OPEN_TO_INVITES,"Interested in Cyber Defence, CleanTech, and Artificial Intelligence. Active hackathon builder.","[""Fashion Merchandising"", ""UI Design"", ""Garment Manufacturing"", ""Textile Design"", ""Rapid Prototyping""]","[""Cyber Defence"", ""CleanTech"", ""Artificial Intelligence"", ""Drone Technology"", ""3D Printing"", ""Web3""]","[""CleanTech"", ""Agritech"", ""EV""]","[{""name"": ""Virtual AR Apparel Fitting Room"", ""desc"": ""Real-time 3D cloth simulation for online e-commerce sizing."", ""tech"": [""Fashion CAD"", ""UI Design"", ""Photoshop""], ""role"": ""UI/Creative Designer""}]",4,2,"{""repos"": 0, ""commits"": 0, ""stars"": 0, ""followers"": 0, ""following"": 0}",92
c4e69c9e-4472-40aa-ae9e-e98402e48d1b,Pranav Verma,pranav_verma_40,pranav.verma@b2b2h.com,PSG College of Technology,PSG Tech,"Coimbatore, Tamil Nadu",Data Science,2nd Year,LOOKING_FOR_TEAM,Data Science student at PSG Tech passionate about Urban Planning and Micro-Mobility.,"[""NumPy"", ""SQL"", ""Power BI"", ""Apache Spark"", ""Deep Learning"", ""Scikit-Learn"", ""Python"", ""Data Visualization"", ""Tableau"", ""Pandas"", ""Team Leadership""]","[""Urban Planning"", ""Micro-Mobility"", ""Green Building"", ""Signal Processing"", ""Prompt Engineering""]","[""IoT"", ""EdTech""]","[{""name"": ""Automated Machine Learning Workbench"", ""desc"": ""No-code model exploration tool comparing cross-validation scores."", ""tech"": [""Python"", ""Pandas"", ""Scikit-Learn"", ""Streamlit""], ""role"": ""Data Engineer""}, {""name"": ""Geospatial Real Estate Value Mapper"", ""desc"": ""Interactive pricing map using satellite land feature vectors."", ""tech"": [""R"", ""Tableau"", ""Power BI"", ""SQL""], ""role"": ""Data Engineer""}, {""name"": ""Realtime E-Commerce Trend Predictor"", ""desc"": ""Streaming clickstream aggregator classifying buyer intent live."", ""tech"": [""Apache Spark"", ""Big Data"", ""SQL"", ""Python""], ""role"": ""Data Engineer""}]",5,1,"{""repos"": 0, ""commits"": 0, ""stars"": 0, ""followers"": 0, ""following"": 0}",76
e019c590-05ca-4dd0-8414-3264362d7ab3,Shreya Joshi,shreya_joshi_83,shreya.joshi@b2b2h.com,National Institute of Technology Tiruchirappalli,NIT Trichy,"Tiruchirappalli, Tamil Nadu",Data Science,4th Year,OPEN_TO_INVITES,Building sustainable and scalable solutions in Green Mobility. 4th Year at NIT Trichy.,"[""Scikit-Learn"", ""Apache Spark"", ""Tableau"", ""R"", ""Pandas"", ""Problem Solving"", ""Ideation""]","[""Green Mobility"", ""Waste Management"", ""Healthcare"", ""Hydroponics"", ""Sustainable Materials"", ""Smart Agriculture""]","[""Web"", ""Civil"", ""CleanTech"", ""Mechanical""]","[{""name"": ""Geospatial Real Estate Value Mapper"", ""desc"": ""Interactive pricing map using satellite land feature vectors."", ""tech"": [""R"", ""Tableau"", ""Power BI"", ""SQL""], ""role"": ""Data Engineer""}]",0,0,"{""repos"": 21, ""commits"": 57, ""stars"": 2, ""followers"": 56, ""following"": 27}",99
fb92583d-11ab-4cec-a9fd-c5fd932c1193,Aditya Sharma,aditya_sharma_70,aditya.sharma@b2b2h.com,PSG College of Technology,PSG Tech,"Coimbatore, Tamil Nadu",Data Science,2nd Year,LOOKING_FOR_MEMBERS,"Interested in Generative AI, Logistics, and Sustainable Materials. Active hackathon builder.","[""SQL"", ""Deep Learning"", ""Power BI"", ""Scikit-Learn"", ""Big Data"", ""Pandas"", ""Tableau"", ""Apache Spark"", ""Python"", ""Communication""]","[""Generative AI"", ""Logistics"", ""Sustainable Materials""]","[""Logistics"", ""Mechanical"", ""Civil"", ""Product""]","[{""name"": ""Geospatial Real Estate Value Mapper"", ""desc"": ""Interactive pricing map using satellite land feature vectors."", ""tech"": [""R"", ""Tableau"", ""Power BI"", ""SQL""], ""role"": ""Data Engineer""}]",5,1,"{""repos"": 14, ""commits"": 99, ""stars"": 17, ""followers"": 26, ""following"": 12}",94
732dbfe7-1acd-4dd9-8572-92ca7923a567,Ritu Reddy,ritu_reddy_12,ritu.reddy@b2b2h.com,Thiagarajar College of Engineering,Thiagarajar,"Madurai, Tamil Nadu",Cyber Security,1st Year,OPEN_TO_INVITES,Cyber Security student at Thiagarajar passionate about Embedded Systems and Smart Cities.,"[""Penetration Testing"", ""Python"", ""Ethical Hacking"", ""Network Security"", ""Team Leadership""]","[""Embedded Systems"", ""Smart Cities"", ""Healthcare"", ""Gaming""]","[""EV"", ""IoT"", ""Agritech"", ""Logistics""]",[],5,0,"{""repos"": 0, ""commits"": 0, ""stars"": 0, ""followers"": 0, ""following"": 0}",86
e88fb49b-4d38-4e00-98f7-81c1486d5d6c,Akash Sengupta,akash_sengupta_38,akash.sengupta@b2b2h.com,SRM Institute of Science and Technology,SRM,"Chennai, Tamil Nadu",Cyber Security,3rd Year,LOOKING_FOR_MEMBERS,Building sustainable and scalable solutions in Open Source. 3rd Year at SRM.,"[""Ethical Hacking"", ""Cryptography"", ""Burp Suite"", ""Kali Linux"", ""Wireshark"", ""Metasploit"", ""Reverse Engineering"", ""Communication"", ""Rapid Prototyping""]","[""Open Source"", ""Signal Processing"", ""Green Building"", ""Web3"", ""Manufacturing"", ""Logistics""]","[""Healthcare"", ""Biotech"", ""AI/ML"", ""CleanTech""]","[{""name"": ""Automated Malware Sandbox Runner"", ""desc"": ""Isolated dynamic analysis platform extracting C2 indicators."", ""tech"": [""Kali Linux"", ""Reverse Engineering"", ""Wireshark"", ""Metasploit""], ""role"": ""Security Analyst""}, {""name"": ""Zero-Trust IAM Policy Validator"", ""desc"": ""Static analysis tool identifying over-privileged cloud infrastructure roles."", ""tech"": [""Python"", ""Network Security"", ""Cloud Security"", ""OAuth 2.0""], ""role"": ""Security Analyst""}]",3,1,"{""repos"": 19, ""commits"": 88, ""stars"": 24, ""followers"": 33, ""following"": 21}",72
38eb7628-e648-4935-b757-eff8326a187d,Sneha Sundaram,sneha_sundaram_78,sneha.sundaram@b2b2h.com,Kongu Engineering College,Kongu,"Erode, Tamil Nadu",Cyber Security,1st Year,LOOKING_FOR_TEAM,"Interested in Smart Cities, Research, and Renewable Energy. Active hackathon builder.","[""Kali Linux"", ""Python"", ""Ethical Hacking"", ""Penetration Testing"", ""Network Security"", ""Wireshark"", ""Nmap"", ""Rapid Prototyping""]","[""Smart Cities"", ""Research"", ""Renewable Energy""]","[""Design"", ""IoT"", ""Robotics"", ""Logistics""]","[{""name"": ""Automated Malware Sandbox Runner"", ""desc"": ""Isolated dynamic analysis platform extracting C2 indicators."", ""tech"": [""Kali Linux"", ""Reverse Engineering"", ""Wireshark"", ""Metasploit""], ""role"": ""Security Analyst""}, {""name"": ""Container Vulnerability Scanner"", ""desc"": ""Image layer scanner checking CVE databases before deployment."", ""tech"": [""Docker"", ""Penetration Testing"", ""Burp Suite""], ""role"": ""Security Analyst""}, {""name"": ""Zero-Trust IAM Policy Validator"", ""desc"": ""Static analysis tool identifying over-privileged cloud infrastructure roles."", ""tech"": [""Python"", ""Network Security"", ""Cloud Security"", ""OAuth 2.0""], ""role"": ""Security Analyst""}]",1,1,"{""repos"": 27, ""commits"": 164, ""stars"": 24, ""followers"": 61, ""following"": 39}",95
bccfcb8d-4fb3-47d4-b57d-a04e3af3b2df,Siddharth Pillai,siddharth_pillai_70,siddharth.pillai@b2b2h.com,Madras Institute of Technology,MIT Chennai,"Chennai, Tamil Nadu",MBA,4th Year,OPEN_TO_INVITES,MBA student at MIT Chennai passionate about Waste Management and CleanTech.,"[""Power BI"", ""Agile/Scrum"", ""Product Management"", ""Salesforce"", ""Business Analysis"", ""Marketing"", ""Strategic Planning"", ""Presentation"", ""Team Leadership""]","[""Waste Management"", ""CleanTech"", ""Disaster Tech"", ""Micro-Mobility"", ""Autonomous Driving"", ""Microelectronics""]","[""Design"", ""Logistics"", ""Biotech""]","[{""name"": ""D2C Brand Customer Retention Engine"", ""desc"": ""Cohort analysis dashboard identifying high LTV buyer segments."", ""tech"": [""Salesforce"", ""Strategic Planning"", ""Agile/Scrum""], ""role"": ""Product Manager""}]",0,0,"{""repos"": 8, ""commits"": 91, ""stars"": 34, ""followers"": 64, ""following"": 16}",100
6c6070fe-5590-4bd5-bd37-c804f1141ede,Tanvi Rao,tanvi_rao_95,tanvi.rao@b2b2h.com,PSG College of Technology,PSG Tech,"Coimbatore, Tamil Nadu",MBA,2nd Year,LOOKING_FOR_TEAM,Building sustainable and scalable solutions in Avionics. 2nd Year at PSG Tech.,"[""Financial Modeling"", ""Market Research"", ""Business Analysis"", ""Power BI"", ""Strategic Planning"", ""Product Management"", ""Agile/Scrum"", ""Marketing"", ""Presentation"", ""Problem Solving"", ""Ideation""]","[""Avionics"", ""Quantum Computing"", ""Signal Processing""]","[""Web"", ""Product"", ""Mechanical""]","[{""name"": ""FinTech Micro-Credit Risk Matrix"", ""desc"": ""Credit scoring framework for informal sector small business loans."", ""tech"": [""Business Analysis"", ""Financial Modeling"", ""Power BI""], ""role"": ""Product Manager""}, {""name"": ""D2C Brand Customer Retention Engine"", ""desc"": ""Cohort analysis dashboard identifying high LTV buyer segments."", ""tech"": [""Salesforce"", ""Strategic Planning"", ""Agile/Scrum""], ""role"": ""Product Manager""}, {""name"": ""EdTech B2B Market Entry Strategy"", ""desc"": ""Go-to-market analysis and financial projection for tier-3 Indian college sales."", ""tech"": [""Product Management"", ""Market Research"", ""Financial Modeling"", ""Presentation""], ""role"": ""Product Manager""}]",2,0,"{""repos"": 19, ""commits"": 96, ""stars"": 15, ""followers"": 26, ""following"": 44}",100
a4a433e6-4d7c-4b9e-a42e-488e76adf7e7,Manish Bhattacharya,manish_bhattacharya_61,manish.bhattacharya@b2b2h.com,SASTRA Deemed University,SASTRA,"Thanjavur, Tamil Nadu",MBA,4th Year,OFFLINE,"Interested in Cloud Computing, FinTech, and Disaster Tech. Active hackathon builder.","[""Market Research"", ""Salesforce"", ""Business Analysis"", ""Power BI"", ""Agile/Scrum"", ""Product Management"", ""Rapid Prototyping""]","[""Cloud Computing"", ""FinTech"", ""Disaster Tech""]","[""Agritech"", ""FinTech"", ""AI/ML""]","[{""name"": ""D2C Brand Customer Retention Engine"", ""desc"": ""Cohort analysis dashboard identifying high LTV buyer segments."", ""tech"": [""Salesforce"", ""Strategic Planning"", ""Agile/Scrum""], ""role"": ""Product Manager""}, {""name"": ""EdTech B2B Market Entry Strategy"", ""desc"": ""Go-to-market analysis and financial projection for tier-3 Indian college sales."", ""tech"": [""Product Management"", ""Market Research"", ""Financial Modeling"", ""Presentation""], ""role"": ""Product Manager""}, {""name"": ""FinTech Micro-Credit Risk Matrix"", ""desc"": ""Credit scoring framework for informal sector small business loans."", ""tech"": [""Business Analysis"", ""Financial Modeling"", ""Power BI""], ""role"": ""Product Manager""}]",0,0,"{""repos"": 21, ""commits"": 263, ""stars"": 17, ""followers"": 7, ""following"": 9}",100
bf5c6dbf-7b36-4028-b03b-7b4abbf3532f,Divya Varma,divya_varma_36,divya.varma@b2b2h.com,Indian Institute of Technology Madras,IIT Madras,"Chennai, Tamil Nadu",MCA,3rd Year,OPEN_TO_INVITES,MCA student at IIT Madras passionate about Defence and Industry 4.0.,"[""Python"", ""PostgreSQL"", ""React"", ""Node.js"", ""Docker"", ""AWS"", ""Full Stack Development"", ""Software Engineering"", ""Git"", ""Communication""]","[""Defence"", ""Industry 4.0"", ""Automation""]","[""Agritech"", ""Civil""]","[{""name"": ""Automated CI/CD Deployment Suite"", ""desc"": ""Dockerized deployment pipeline with automated unit testing."", ""tech"": [""AWS"", ""Docker"", ""Git"", ""Python""], ""role"": ""Backend Developer""}, {""name"": ""Realtime Event Management Portal"", ""desc"": ""Full stack portal with QR ticket validation and live attendance."", ""tech"": [""Node.js"", ""React"", ""MongoDB"", ""Express.js""], ""role"": ""Backend Developer""}, {""name"": ""Scalable Microservices E-Commerce API"", ""desc"": ""Decoupled backend API handling inventory management and payments."", ""tech"": [""Java"", ""Spring Boot"", ""PostgreSQL"", ""Docker""], ""role"": ""Backend Developer""}]",5,0,"{""repos"": 11, ""commits"": 421, ""stars"": 28, ""followers"": 64, ""following"": 19}",88
b94ac878-a11a-4440-8721-86ece96b9784,Abhinav Kulkarni,abhinav_kulkarni_94,abhinav.kulkarni@b2b2h.com,Vellore Institute of Technology,VIT,"Vellore, Tamil Nadu",MCA,1st Year,LOOKING_FOR_TEAM,Building sustainable and scalable solutions in Smart Agriculture. 1st Year at VIT.,"[""Node.js"", ""Python"", ""Docker"", ""PostgreSQL"", ""Software Engineering"", ""Git"", ""Full Stack Development"", ""Presentation"", ""Communication""]","[""Smart Agriculture"", ""Social Impact"", ""Nanotechnology""]","[""FinTech"", ""Healthcare"", ""EdTech""]",[],4,0,"{""repos"": 20, ""commits"": 304, ""stars"": 32, ""followers"": 54, ""following"": 11}",72
132eafd1-24b7-4dd8-b703-0907cb2db46e,Kriti Choudhury,kriti_choudhury_86,kriti.choudhury@b2b2h.com,BITS Pilani Hyderabad Campus,BITS Pilani,"Hyderabad, Telangana",MCA,3rd Year,LOOKING_FOR_MEMBERS,"Interested in Cloud Computing, Industry 4.0, and Quantum Computing. Active hackathon builder.","[""Java"", ""PostgreSQL"", ""Full Stack Development"", ""Software Engineering"", ""AWS"", ""Git"", ""Docker"", ""Python"", ""React"", ""Communication""]","[""Cloud Computing"", ""Industry 4.0"", ""Quantum Computing""]","[""EV"", ""Design"", ""EdTech""]","[{""name"": ""Realtime Event Management Portal"", ""desc"": ""Full stack portal with QR ticket validation and live attendance."", ""tech"": [""Node.js"", ""React"", ""MongoDB"", ""Express.js""], ""role"": ""Backend Developer""}, {""name"": ""Scalable Microservices E-Commerce API"", ""desc"": ""Decoupled backend API handling inventory management and payments."", ""tech"": [""Java"", ""Spring Boot"", ""PostgreSQL"", ""Docker""], ""role"": ""Backend Developer""}]",2,0,"{""repos"": 26, ""commits"": 340, ""stars"": 31, ""followers"": 78, ""following"": 44}",70
